day eternity:1200 replacement_initial_a:0.04 replacement_final_a:0 number_of_contact_events_per_day_a:5 pre_active_state_duration_1:2 pre_active_state_duration_2:2 active_state_duration_1:3 active_state_duration_2:3 transmission_probability_1_a:0.14 transmission_probability_2_a:0 days before configuration switch: 200 number_of_contact_events_per_day_b:3 replacement_initial_b:0.04 replacement_final_b:0 transmission_probability_1_b:0.14 transmission_probability_2_b:0 transformation_period:1;
 day; p_triggered; p_initial; p_active_1; p_triggered_1; p_active_2; p_triggered_2; strain2%; max_triggered; max_triggered_1; max_triggered_2;
1;6.193e-05;0.999938;8.84736e-05;6.193e-05;0;0;0;6.193e-05;6.193e-05;0;
2;0.000121373;0.999819;0.000173408;0.000121373;0;0;0;0.000121373;0.000121373;0;
3;0.000178418;0.999648;0.000254946;0.000178418;0;0;0;0.000178418;0.000178418;0;
4;0.000154823;0.999507;0.000221264;0.000154823;0;0;0;0.000178418;0.000178418;0;
5;0.000168973;0.999358;0.00024152;0.000168973;0;0;0;0.000178418;0.000178418;0;
6;0.000217852;0.999166;0.000311436;0.000217852;0;0;0;0.000217852;0.000217852;0;
7;0.000270989;0.998928;0.00038748;0.000270989;0;0;0;0.000270989;0.000270989;0;
8;0.000298187;0.998673;0.000426472;0.000298187;0;0;0;0.000298187;0.000298187;0;
9;0.000323293;0.998403;0.000462496;0.000323293;0;0;0;0.000323293;0.000323293;0;
10;0.000393127;0.998073;0.000562562;0.000393127;0;0;0;0.000393127;0.000393127;0;
11;0.00046917;0.997681;0.000671612;0.00046917;0;0;0;0.00046917;0.00046917;0;
12;0.000530878;0.997243;0.000760251;0.000530878;0;0;0;0.000530878;0.000530878;0;
13;0.000604125;0.996749;0.000865535;0.000604125;0;0;0;0.000604125;0.000604125;0;
14;0.000706406;0.996173;0.0010126;0.000706406;0;0;0;0.000706406;0.000706406;0;
15;0.000828771;0.995497;0.00118872;0.000828771;0;0;0;0.000828771;0.000828771;0;
16;0.000953053;0.994724;0.00136794;0.000953053;0;0;0;0.000953053;0.000953053;0;
17;0.00109362;0.993842;0.00157096;0.00109362;0;0;0;0.00109362;0.00109362;0;
18;0.00126986;0.992818;0.00182581;0.00126986;0;0;0;0.00126986;0.00126986;0;
19;0.00147505;0.99163;0.0021231;0.00147505;0;0;0;0.00147505;0.00147505;0;
20;0.00170199;0.990263;0.00245279;0.00170199;0;0;0;0.00170199;0.00170199;0;
21;0.00196055;0.988692;0.00282945;0.00196055;0;0;0;0.00196055;0.00196055;0;
22;0.00226573;0.986879;0.00327529;0.00226573;0;0;0;0.00226573;0.00226573;0;
23;0.0026196;0.984784;0.00379405;0.0026196;0;0;0;0.0026196;0.0026196;0;
24;0.00301948;0.982373;0.00438286;0.00301948;0;0;0;0.00301948;0.00301948;0;
25;0.00347543;0.979603;0.00505752;0.00347543;0;0;0;0.00347543;0.00347543;0;
26;0.00400183;0.976417;0.00584062;0.00400183;0;0;0;0.00400183;0.00400183;0;
27;0.00460508;0.972755;0.00674381;0.00460508;0;0;0;0.00460508;0.00460508;0;
28;0.00528888;0.968556;0.00777537;0.00528888;0;0;0;0.00528888;0.00528888;0;
29;0.00606365;0.96375;0.00895441;0.00606365;0;0;0;0.00606365;0.00606365;0;
30;0.00694375;0.958256;0.010307;0.00694375;0;0;0;0.00694375;0.00694375;0;
31;0.00793858;0.951988;0.0118536;0.00793858;0;0;0;0.00793858;0.00793858;0;
32;0.00905443;0.944854;0.0136117;0.00905443;0;0;0;0.00905443;0.00905443;0;
33;0.0103007;0.936759;0.0156059;0.0103007;0;0;0;0.0103007;0.0103007;0;
34;0.0116879;0.9276;0.0178653;0.0116879;0;0;0;0.0116879;0.0116879;0;
35;0.0132216;0.917275;0.0204151;0.0132216;0;0;0;0.0132216;0.0132216;0;
36;0.0149022;0.905682;0.0232767;0.0149022;0;0;0;0.0149022;0.0149022;0;
37;0.0167283;0.892726;0.0264723;0.0167283;0;0;0;0.0167283;0.0167283;0;
38;0.0186943;0.878323;0.0300236;0.0186943;0;0;0;0.0186943;0.0186943;0;
39;0.0207869;0.862403;0.0339442;0.0207869;0;0;0;0.0207869;0.0207869;0;
40;0.0229834;0.844923;0.0382378;0.0229834;0;0;0;0.0229834;0.0229834;0;
41;0.0252533;0.825873;0.0428986;0.0252533;0;0;0;0.0252533;0.0252533;0;
42;0.027558;0.80528;0.0479087;0.027558;0;0;0;0.027558;0.027558;0;
43;0.0298489;0.78322;0.0532324;0.0298489;0;0;0;0.0298489;0.0298489;0;
44;0.0320687;0.759823;0.0588125;0.0320687;0;0;0;0.0320687;0.0320687;0;
45;0.0341545;0.735275;0.0645704;0.0341545;0;0;0;0.0341545;0.0341545;0;
46;0.0360415;0.709823;0.0704055;0.0360415;0;0;0;0.0360415;0.0360415;0;
47;0.037666;0.683764;0.0761944;0.037666;0;0;0;0.037666;0.037666;0;
48;0.0389705;0.657443;0.0817932;0.0389705;0;0;0;0.0389705;0.0389705;0;
49;0.0399089;0.631236;0.0870442;0.0399089;0;0;0;0.0399089;0.0399089;0;
50;0.0404513;0.605535;0.0917849;0.0404513;0;0;0;0.0404513;0.0404513;0;
51;0.0405862;0.580728;0.0958574;0.0405862;0;0;0;0.0405862;0.0405862;0;
52;0.0403222;0.557176;0.0991202;0.0403222;0;0;0;0.0405862;0.0405862;0;
53;0.0396865;0.535203;0.101461;0.0396865;0;0;0;0.0405862;0.0405862;0;
54;0.0387225;0.515072;0.102806;0.0387225;0;0;0;0.0405862;0.0405862;0;
55;0.0374854;0.496984;0.103129;0.0374854;0;0;0;0.0405862;0.0405862;0;
56;0.0360364;0.481068;0.102452;0.0360364;0;0;0;0.0405862;0.0405862;0;
57;0.0344382;0.467387;0.100844;0.0344382;0;0;0;0.0405862;0.0405862;0;
58;0.0327505;0.455941;0.0984128;0.0327505;0;0;0;0.0405862;0.0405862;0;
59;0.0310266;0.446677;0.095294;0.0310266;0;0;0;0.0405862;0.0405862;0;
60;0.0293116;0.439498;0.0916406;0.0293116;0;0;0;0.0405862;0.0405862;0;
61;0.0276412;0.434277;0.0876085;0.0276412;0;0;0;0.0405862;0.0405862;0;
62;0.0260423;0.430864;0.0833468;0.0260423;0;0;0;0.0405862;0.0405862;0;
63;0.0245336;0.429096;0.0789892;0.0245336;0;0;0;0.0405862;0.0405862;0;
64;0.023127;0.428805;0.0746491;0.023127;0;0;0;0.0405862;0.0405862;0;
65;0.0218283;0.429824;0.0704174;0.0218283;0;0;0;0.0405862;0.0405862;0;
66;0.0206394;0.431992;0.0663626;0.0206394;0;0;0;0.0405862;0.0405862;0;
67;0.0195587;0.435154;0.062533;0.0195587;0;0;0;0.0405862;0.0405862;0;
68;0.0185826;0.439165;0.0589591;0.0185826;0;0;0;0.0405862;0.0405862;0;
69;0.0177058;0.443893;0.0556573;0.0177058;0;0;0;0.0405862;0.0405862;0;
70;0.0169225;0.449214;0.0526325;0.0169225;0;0;0;0.0405862;0.0405862;0;
71;0.0162263;0.455019;0.0498816;0.0162263;0;0;0;0.0405862;0.0405862;0;
72;0.0156108;0.461208;0.0473956;0.0156108;0;0;0;0.0405862;0.0405862;0;
73;0.0150699;0.46769;0.0451621;0.0150699;0;0;0;0.0405862;0.0405862;0;
74;0.0145977;0.474384;0.0431659;0.0145977;0;0;0;0.0405862;0.0405862;0;
75;0.0141886;0.48122;0.0413914;0.0141886;0;0;0;0.0405862;0.0405862;0;
76;0.0138376;0.488134;0.0398224;0.0138376;0;0;0;0.0405862;0.0405862;0;
77;0.0135403;0.495068;0.0384433;0.0135403;0;0;0;0.0405862;0.0405862;0;
78;0.0132923;0.501973;0.0372392;0.0132923;0;0;0;0.0405862;0.0405862;0;
79;0.0130901;0.508804;0.0361962;0.0130901;0;0;0;0.0405862;0.0405862;0;
80;0.0129302;0.515522;0.0353015;0.0129302;0;0;0;0.0405862;0.0405862;0;
81;0.0128096;0.522091;0.0345434;0.0128096;0;0;0;0.0405862;0.0405862;0;
82;0.0127258;0.528482;0.0339114;0.0127258;0;0;0;0.0405862;0.0405862;0;
83;0.0126763;0.534666;0.033396;0.0126763;0;0;0;0.0405862;0.0405862;0;
84;0.0126589;0.540621;0.0329886;0.0126589;0;0;0;0.0405862;0.0405862;0;
85;0.0126718;0.546324;0.0326817;0.0126718;0;0;0;0.0405862;0.0405862;0;
86;0.0127131;0.551758;0.0324684;0.0127131;0;0;0;0.0405862;0.0405862;0;
87;0.0127813;0.556907;0.0323426;0.0127813;0;0;0;0.0405862;0.0405862;0;
88;0.0128749;0.561755;0.0322988;0.0128749;0;0;0;0.0405862;0.0405862;0;
89;0.0129925;0.566293;0.0323322;0.0129925;0;0;0;0.0405862;0.0405862;0;
90;0.0131327;0.570508;0.0324382;0.0131327;0;0;0;0.0405862;0.0405862;0;
91;0.0132943;0.574394;0.0326126;0.0132943;0;0;0;0.0405862;0.0405862;0;
92;0.0134759;0.577942;0.0328518;0.0134759;0;0;0;0.0405862;0.0405862;0;
93;0.0136762;0.581148;0.0331521;0.0136762;0;0;0;0.0405862;0.0405862;0;
94;0.013894;0.584008;0.0335099;0.013894;0;0;0;0.0405862;0.0405862;0;
95;0.0141278;0.58652;0.0339221;0.0141278;0;0;0;0.0405862;0.0405862;0;
96;0.0143764;0.588683;0.0343853;0.0143764;0;0;0;0.0405862;0.0405862;0;
97;0.0146381;0.590497;0.0348962;0.0146381;0;0;0;0.0405862;0.0405862;0;
98;0.0149115;0.591966;0.0354514;0.0149115;0;0;0;0.0405862;0.0405862;0;
99;0.0151949;0.593092;0.0360475;0.0151949;0;0;0;0.0405862;0.0405862;0;
100;0.0154866;0.593882;0.0366809;0.0154866;0;0;0;0.0405862;0.0405862;0;
101;0.0157849;0.594342;0.0373477;0.0157849;0;0;0;0.0405862;0.0405862;0;
102;0.0160877;0.594481;0.0380441;0.0160877;0;0;0;0.0405862;0.0405862;0;
103;0.0163931;0.594308;0.0387658;0.0163931;0;0;0;0.0405862;0.0405862;0;
104;0.0166992;0.593837;0.0395085;0.0166992;0;0;0;0.0405862;0.0405862;0;
105;0.0170038;0.593079;0.0402675;0.0170038;0;0;0;0.0405862;0.0405862;0;
106;0.0173048;0.592051;0.0410381;0.0173048;0;0;0;0.0405862;0.0405862;0;
107;0.0176001;0.590769;0.0418153;0.0176001;0;0;0;0.0405862;0.0405862;0;
108;0.0178876;0.589251;0.0425938;0.0178876;0;0;0;0.0405862;0.0405862;0;
109;0.0181652;0.587516;0.0433683;0.0181652;0;0;0;0.0405862;0.0405862;0;
110;0.018431;0.585584;0.0441336;0.018431;0;0;0;0.0405862;0.0405862;0;
111;0.018683;0.583478;0.0448843;0.018683;0;0;0;0.0405862;0.0405862;0;
112;0.0189195;0.581219;0.0456149;0.0189195;0;0;0;0.0405862;0.0405862;0;
113;0.0191388;0.578831;0.0463202;0.0191388;0;0;0;0.0405862;0.0405862;0;
114;0.0193397;0.576339;0.0469953;0.0193397;0;0;0;0.0405862;0.0405862;0;
115;0.0195208;0.573764;0.0476352;0.0195208;0;0;0;0.0405862;0.0405862;0;
116;0.0196812;0.571132;0.0482356;0.0196812;0;0;0;0.0405862;0.0405862;0;
117;0.0198201;0.568467;0.0487924;0.0198201;0;0;0;0.0405862;0.0405862;0;
118;0.0199372;0.565791;0.0493021;0.0199372;0;0;0;0.0405862;0.0405862;0;
119;0.0200322;0.563127;0.0497616;0.0200322;0;0;0;0.0405862;0.0405862;0;
120;0.0201051;0.560497;0.0501684;0.0201051;0;0;0;0.0405862;0.0405862;0;
121;0.0201563;0.557921;0.0505208;0.0201563;0;0;0;0.0405862;0.0405862;0;
122;0.0201863;0.555418;0.0508176;0.0201863;0;0;0;0.0405862;0.0405862;0;
123;0.0201959;0.553005;0.0510583;0.0201959;0;0;0;0.0405862;0.0405862;0;
124;0.020186;0.550699;0.0512429;0.020186;0;0;0;0.0405862;0.0405862;0;
125;0.0201578;0.548513;0.0513724;0.0201578;0;0;0;0.0405862;0.0405862;0;
126;0.0201125;0.54646;0.0514481;0.0201125;0;0;0;0.0405862;0.0405862;0;
127;0.0200517;0.54455;0.0514719;0.0200517;0;0;0;0.0405862;0.0405862;0;
128;0.0199768;0.542791;0.0514463;0.0199768;0;0;0;0.0405862;0.0405862;0;
129;0.0198894;0.54119;0.0513743;0.0198894;0;0;0;0.0405862;0.0405862;0;
130;0.019791;0.539752;0.0512591;0.019791;0;0;0;0.0405862;0.0405862;0;
131;0.0196834;0.538478;0.0511042;0.0196834;0;0;0;0.0405862;0.0405862;0;
132;0.0195681;0.537371;0.0509137;0.0195681;0;0;0;0.0405862;0.0405862;0;
133;0.0194467;0.536429;0.0506914;0.0194467;0;0;0;0.0405862;0.0405862;0;
134;0.0193207;0.535652;0.0504413;0.0193207;0;0;0;0.0405862;0.0405862;0;
135;0.0191915;0.535034;0.0501677;0.0191915;0;0;0;0.0405862;0.0405862;0;
136;0.0190605;0.534572;0.0498746;0.0190605;0;0;0;0.0405862;0.0405862;0;
137;0.018929;0.53426;0.049566;0.018929;0;0;0;0.0405862;0.0405862;0;
138;0.0187982;0.534092;0.0492456;0.0187982;0;0;0;0.0405862;0.0405862;0;
139;0.0186691;0.534059;0.0489173;0.0186691;0;0;0;0.0405862;0.0405862;0;
140;0.0185427;0.534154;0.0485844;0.0185427;0;0;0;0.0405862;0.0405862;0;
141;0.0184199;0.534368;0.0482502;0.0184199;0;0;0;0.0405862;0.0405862;0;
142;0.0183015;0.534692;0.0479176;0.0183015;0;0;0;0.0405862;0.0405862;0;
143;0.018188;0.535116;0.0475895;0.018188;0;0;0;0.0405862;0.0405862;0;
144;0.0180802;0.535631;0.0472682;0.0180802;0;0;0;0.0405862;0.0405862;0;
145;0.0179784;0.536227;0.0469561;0.0179784;0;0;0;0.0405862;0.0405862;0;
146;0.0178831;0.536895;0.046655;0.0178831;0;0;0;0.0405862;0.0405862;0;
147;0.0177945;0.537625;0.0463667;0.0177945;0;0;0;0.0405862;0.0405862;0;
148;0.017713;0.538407;0.0460925;0.017713;0;0;0;0.0405862;0.0405862;0;
149;0.0176386;0.539232;0.0458338;0.0176386;0;0;0;0.0405862;0.0405862;0;
150;0.0175715;0.540091;0.0455915;0.0175715;0;0;0;0.0405862;0.0405862;0;
151;0.0175117;0.540976;0.0453664;0.0175117;0;0;0;0.0405862;0.0405862;0;
152;0.0174593;0.541877;0.0451592;0.0174593;0;0;0;0.0405862;0.0405862;0;
153;0.017414;0.542788;0.0449702;0.017414;0;0;0;0.0405862;0.0405862;0;
154;0.0173759;0.543701;0.0447996;0.0173759;0;0;0;0.0405862;0.0405862;0;
155;0.0173447;0.544608;0.0446477;0.0173447;0;0;0;0.0405862;0.0405862;0;
156;0.0173204;0.545503;0.0445144;0.0173204;0;0;0;0.0405862;0.0405862;0;
157;0.0173026;0.546381;0.0443994;0.0173026;0;0;0;0.0405862;0.0405862;0;
158;0.0172911;0.547234;0.0443026;0.0172911;0;0;0;0.0405862;0.0405862;0;
159;0.0172857;0.548059;0.0442235;0.0172857;0;0;0;0.0405862;0.0405862;0;
160;0.017286;0.548851;0.0441617;0.017286;0;0;0;0.0405862;0.0405862;0;
161;0.0172918;0.549605;0.0441166;0.0172918;0;0;0;0.0405862;0.0405862;0;
162;0.0173026;0.550318;0.0440875;0.0173026;0;0;0;0.0405862;0.0405862;0;
163;0.0173181;0.550987;0.0440738;0.0173181;0;0;0;0.0405862;0.0405862;0;
164;0.0173381;0.55161;0.0440748;0.0173381;0;0;0;0.0405862;0.0405862;0;
165;0.017362;0.552183;0.0440895;0.017362;0;0;0;0.0405862;0.0405862;0;
166;0.0173896;0.552707;0.0441171;0.0173896;0;0;0;0.0405862;0.0405862;0;
167;0.0174203;0.553178;0.0441568;0.0174203;0;0;0;0.0405862;0.0405862;0;
168;0.0174539;0.553597;0.0442076;0.0174539;0;0;0;0.0405862;0.0405862;0;
169;0.01749;0.553963;0.0442685;0.01749;0;0;0;0.0405862;0.0405862;0;
170;0.0175282;0.554276;0.0443387;0.0175282;0;0;0;0.0405862;0.0405862;0;
171;0.017568;0.554537;0.044417;0.017568;0;0;0;0.0405862;0.0405862;0;
172;0.0176091;0.554747;0.0445026;0.0176091;0;0;0;0.0405862;0.0405862;0;
173;0.0176512;0.554906;0.0445944;0.0176512;0;0;0;0.0405862;0.0405862;0;
174;0.0176938;0.555016;0.0446914;0.0176938;0;0;0;0.0405862;0.0405862;0;
175;0.0177367;0.555078;0.0447927;0.0177367;0;0;0;0.0405862;0.0405862;0;
176;0.0177795;0.555096;0.0448973;0.0177795;0;0;0;0.0405862;0.0405862;0;
177;0.0178218;0.55507;0.0450043;0.0178218;0;0;0;0.0405862;0.0405862;0;
178;0.0178635;0.555004;0.0451128;0.0178635;0;0;0;0.0405862;0.0405862;0;
179;0.0179041;0.554899;0.0452218;0.0179041;0;0;0;0.0405862;0.0405862;0;
180;0.0179435;0.55476;0.0453306;0.0179435;0;0;0;0.0405862;0.0405862;0;
181;0.0179814;0.554588;0.0454383;0.0179814;0;0;0;0.0405862;0.0405862;0;
182;0.0180175;0.554387;0.0455441;0.0180175;0;0;0;0.0405862;0.0405862;0;
183;0.0180518;0.55416;0.0456474;0.0180518;0;0;0;0.0405862;0.0405862;0;
184;0.018084;0.55391;0.0457475;0.018084;0;0;0;0.0405862;0.0405862;0;
185;0.0181139;0.553639;0.0458438;0.0181139;0;0;0;0.0405862;0.0405862;0;
186;0.0181415;0.553352;0.0459357;0.0181415;0;0;0;0.0405862;0.0405862;0;
187;0.0181667;0.553051;0.0460228;0.0181667;0;0;0;0.0405862;0.0405862;0;
188;0.0181894;0.55274;0.0461045;0.0181894;0;0;0;0.0405862;0.0405862;0;
189;0.0182095;0.552421;0.0461806;0.0182095;0;0;0;0.0405862;0.0405862;0;
190;0.018227;0.552097;0.0462508;0.018227;0;0;0;0.0405862;0.0405862;0;
191;0.0182419;0.551771;0.0463147;0.0182419;0;0;0;0.0405862;0.0405862;0;
192;0.0182543;0.551446;0.0463723;0.0182543;0;0;0;0.0405862;0.0405862;0;
193;0.0182641;0.551124;0.0464233;0.0182641;0;0;0;0.0405862;0.0405862;0;
194;0.0182714;0.550808;0.0464678;0.0182714;0;0;0;0.0405862;0.0405862;0;
195;0.0182764;0.550499;0.0465057;0.0182764;0;0;0;0.0405862;0.0405862;0;
196;0.018279;0.5502;0.046537;0.018279;0;0;0;0.0405862;0.0405862;0;
197;0.0182794;0.549913;0.0465619;0.0182794;0;0;0;0.0405862;0.0405862;0;
198;0.0182777;0.549639;0.0465805;0.0182777;0;0;0;0.0405862;0.0405862;0;
199;0.0182741;0.549379;0.0465931;0.0182741;0;0;0;0.0405862;0.0405862;0;
200;0.0182687;0.549135;0.0465997;0.0182687;0;0;0;0.0405862;0.0405862;0;
201;0.0110286;0.556141;0.0466007;0.0110286;0;0;0;0.0405862;0.0405862;0;
202;0.0111583;0.562737;0.0465964;0.0111583;0;0;0;0.0405862;0.0405862;0;
203;0.0112792;0.568948;0.0465872;0.0112792;0;0;0;0.0405862;0.0405862;0;
204;0.00983531;0.576355;0.040174;0.00983531;0;0;0;0.0405862;0.0405862;0;
205;0.00846539;0.584836;0.034135;0.00846539;0;0;0;0.0405862;0.0405862;0;
206;0.00715774;0.594284;0.0284488;0.00715774;0;0;0;0.0405862;0.0405862;0;
207;0.00699373;0.603519;0.0273798;0.00699373;0;0;0;0.0405862;0.0405862;0;
208;0.00649107;0.612887;0.02504;0.00649107;0;0;0;0.0405862;0.0405862;0;
209;0.00566821;0.622704;0.0215422;0.00566821;0;0;0;0.0405862;0.0405862;0;
210;0.00512123;0.632674;0.0191695;0.00512123;0;0;0;0.0405862;0.0405862;0;
211;0.0047517;0.642616;0.0175192;0.0047517;0;0;0;0.0405862;0.0405862;0;
212;0.00446788;0.652443;0.0162305;0.00446788;0;0;0;0.0405862;0.0405862;0;
213;0.00408823;0.662257;0.0146379;0.00408823;0;0;0;0.0405862;0.0405862;0;
214;0.00373258;0.672034;0.0131754;0.00373258;0;0;0;0.0405862;0.0405862;0;
215;0.00349453;0.681658;0.0121644;0.00349453;0;0;0;0.0405862;0.0405862;0;
216;0.00328636;0.691106;0.0112862;0.00328636;0;0;0;0.0405862;0.0405862;0;
217;0.00307345;0.700388;0.0104177;0.00307345;0;0;0;0.0405862;0.0405862;0;
218;0.00286706;0.709506;0.00959543;0.00286706;0;0;0;0.0405862;0.0405862;0;
219;0.00269797;0.718427;0.00891907;0.00269797;0;0;0;0.0405862;0.0405862;0;
220;0.00255903;0.727131;0.0083598;0.00255903;0;0;0;0.0405862;0.0405862;0;
221;0.00242343;0.735623;0.00782663;0.00242343;0;0;0;0.0405862;0.0405862;0;
222;0.0022943;0.743903;0.00732813;0.0022943;0;0;0;0.0405862;0.0405862;0;
223;0.00218129;0.751966;0.0068933;0.00218129;0;0;0;0.0405862;0.0405862;0;
224;0.00208364;0.759804;0.00651745;0.00208364;0;0;0;0.0405862;0.0405862;0;
225;0.00199366;0.767418;0.00617475;0.00199366;0;0;0;0.0405862;0.0405862;0;
226;0.00190832;0.774813;0.00585453;0.00190832;0;0;0;0.0405862;0.0405862;0;
227;0.0018312;0.781989;0.00556685;0.0018312;0;0;0;0.0405862;0.0405862;0;
228;0.00176285;0.788947;0.00531216;0.00176285;0;0;0;0.0405862;0.0405862;0;
229;0.0017003;0.795688;0.00508061;0.0017003;0;0;0;0.0405862;0.0405862;0;
230;0.00164193;0.802219;0.00486653;0.00164193;0;0;0;0.0405862;0.0405862;0;
231;0.00158828;0.808542;0.00467097;0.00158828;0;0;0;0.0405862;0.0405862;0;
232;0.00153983;0.81466;0.0044947;0.00153983;0;0;0;0.0405862;0.0405862;0;
233;0.00149556;0.820578;0.00433419;0.00149556;0;0;0;0.0405862;0.0405862;0;
234;0.00145449;0.826301;0.00418615;0.00145449;0;0;0;0.0405862;0.0405862;0;
235;0.0014166;0.831832;0.00405013;0.0014166;0;0;0;0.0405862;0.0405862;0;
236;0.00138198;0.837177;0.00392607;0.00138198;0;0;0;0.0405862;0.0405862;0;
237;0.00135028;0.84234;0.00381263;0.00135028;0;0;0;0.0405862;0.0405862;0;
238;0.00132101;0.847325;0.00370813;0.00132101;0;0;0;0.0405862;0.0405862;0;
239;0.00129397;0.852138;0.00361183;0.00129397;0;0;0;0.0405862;0.0405862;0;
240;0.00126917;0.856783;0.00352348;0.00126917;0;0;0;0.0405862;0.0405862;0;
241;0.00124644;0.861266;0.00344243;0.00124644;0;0;0;0.0405862;0.0405862;0;
242;0.00122551;0.865589;0.0033678;0.00122551;0;0;0;0.0405862;0.0405862;0;
243;0.00120625;0.86976;0.00329903;0.00120625;0;0;0;0.0405862;0.0405862;0;
244;0.00118858;0.873781;0.00323581;0.00118858;0;0;0;0.0405862;0.0405862;0;
245;0.00117242;0.877657;0.00317776;0.00117242;0;0;0;0.0405862;0.0405862;0;
246;0.00115762;0.881393;0.0031244;0.00115762;0;0;0;0.0405862;0.0405862;0;
247;0.00114408;0.884993;0.00307535;0.00114408;0;0;0;0.0405862;0.0405862;0;
248;0.00113174;0.888462;0.00303033;0.00113174;0;0;0;0.0405862;0.0405862;0;
249;0.00112053;0.891803;0.00298911;0.00112053;0;0;0;0.0405862;0.0405862;0;
250;0.00111037;0.89502;0.00295139;0.00111037;0;0;0;0.0405862;0.0405862;0;
251;0.00110118;0.898118;0.00291691;0.00110118;0;0;0;0.0405862;0.0405862;0;
252;0.00109292;0.901101;0.00288547;0.00109292;0;0;0;0.0405862;0.0405862;0;
253;0.00108554;0.903971;0.00285689;0.00108554;0;0;0;0.0405862;0.0405862;0;
254;0.00107898;0.906733;0.002831;0.00107898;0;0;0;0.0405862;0.0405862;0;
255;0.00107319;0.909391;0.0028076;0.00107319;0;0;0;0.0405862;0.0405862;0;
256;0.00106814;0.911947;0.00278656;0.00106814;0;0;0;0.0405862;0.0405862;0;
257;0.00106378;0.914405;0.00276775;0.00106378;0;0;0;0.0405862;0.0405862;0;
258;0.00106008;0.916769;0.00275104;0.00106008;0;0;0;0.0405862;0.0405862;0;
259;0.00105701;0.919041;0.0027363;0.00105701;0;0;0;0.0405862;0.0405862;0;
260;0.00105454;0.921225;0.00272343;0.00105454;0;0;0;0.0405862;0.0405862;0;
261;0.00105263;0.923323;0.00271234;0.00105263;0;0;0;0.0405862;0.0405862;0;
262;0.00105127;0.925339;0.00270293;0.00105127;0;0;0;0.0405862;0.0405862;0;
263;0.00105042;0.927275;0.00269512;0.00105042;0;0;0;0.0405862;0.0405862;0;
264;0.00105007;0.929134;0.00268883;0.00105007;0;0;0;0.0405862;0.0405862;0;
265;0.00105019;0.930919;0.00268399;0.00105019;0;0;0;0.0405862;0.0405862;0;
266;0.00105077;0.932631;0.00268053;0.00105077;0;0;0;0.0405862;0.0405862;0;
267;0.00105177;0.934274;0.00267839;0.00105177;0;0;0;0.0405862;0.0405862;0;
268;0.0010532;0.93585;0.0026775;0.0010532;0;0;0;0.0405862;0.0405862;0;
269;0.00105503;0.937361;0.00267782;0.00105503;0;0;0;0.0405862;0.0405862;0;
270;0.00105724;0.938809;0.0026793;0.00105724;0;0;0;0.0405862;0.0405862;0;
271;0.00105983;0.940197;0.00268189;0.00105983;0;0;0;0.0405862;0.0405862;0;
272;0.00106277;0.941526;0.00268554;0.00106277;0;0;0;0.0405862;0.0405862;0;
273;0.00106606;0.942799;0.00269022;0.00106606;0;0;0;0.0405862;0.0405862;0;
274;0.00106969;0.944018;0.00269587;0.00106969;0;0;0;0.0405862;0.0405862;0;
275;0.00107363;0.945183;0.00270248;0.00107363;0;0;0;0.0405862;0.0405862;0;
276;0.00107789;0.946298;0.00271;0.00107789;0;0;0;0.0405862;0.0405862;0;
277;0.00108246;0.947364;0.0027184;0.00108246;0;0;0;0.0405862;0.0405862;0;
278;0.00108731;0.948382;0.00272766;0.00108731;0;0;0;0.0405862;0.0405862;0;
279;0.00109245;0.949354;0.00273773;0.00109245;0;0;0;0.0405862;0.0405862;0;
280;0.00109786;0.950282;0.00274861;0.00109786;0;0;0;0.0405862;0.0405862;0;
281;0.00110355;0.951167;0.00276025;0.00110355;0;0;0;0.0405862;0.0405862;0;
282;0.00110949;0.952011;0.00277264;0.00110949;0;0;0;0.0405862;0.0405862;0;
283;0.00111568;0.952815;0.00278575;0.00111568;0;0;0;0.0405862;0.0405862;0;
284;0.00112212;0.95358;0.00279957;0.00112212;0;0;0;0.0405862;0.0405862;0;
285;0.00112879;0.954308;0.00281406;0.00112879;0;0;0;0.0405862;0.0405862;0;
286;0.0011357;0.955;0.00282922;0.0011357;0;0;0;0.0405862;0.0405862;0;
287;0.00114283;0.955657;0.00284502;0.00114283;0;0;0;0.0405862;0.0405862;0;
288;0.00115019;0.956281;0.00286144;0.00115019;0;0;0;0.0405862;0.0405862;0;
289;0.00115775;0.956872;0.00287847;0.00115775;0;0;0;0.0405862;0.0405862;0;
290;0.00116553;0.957431;0.0028961;0.00116553;0;0;0;0.0405862;0.0405862;0;
291;0.0011735;0.957961;0.00291429;0.0011735;0;0;0;0.0405862;0.0405862;0;
292;0.00118168;0.958461;0.00293305;0.00118168;0;0;0;0.0405862;0.0405862;0;
293;0.00119005;0.958932;0.00295235;0.00119005;0;0;0;0.0405862;0.0405862;0;
294;0.0011986;0.959376;0.00297218;0.0011986;0;0;0;0.0405862;0.0405862;0;
295;0.00120734;0.959794;0.00299252;0.00120734;0;0;0;0.0405862;0.0405862;0;
296;0.00121625;0.960186;0.00301337;0.00121625;0;0;0;0.0405862;0.0405862;0;
297;0.00122534;0.960553;0.00303471;0.00122534;0;0;0;0.0405862;0.0405862;0;
298;0.0012346;0.960896;0.00305653;0.0012346;0;0;0;0.0405862;0.0405862;0;
299;0.00124402;0.961216;0.00307882;0.00124402;0;0;0;0.0405862;0.0405862;0;
300;0.00125361;0.961514;0.00310156;0.00125361;0;0;0;0.0405862;0.0405862;0;
301;0.00126333;0.961778;0.00312474;0.00126333;0;0;0;0.0405862;0.0405862;0;
302;0.00127323;0.962033;0.00314835;0.00127323;5.54556e-06;0;0;0.0405862;0.0405862;0;
303;0.00128327;0.962269;0.00317238;0.00128327;1.08693e-05;0;0;0.0405862;0.0405862;0;
304;0.00129345;0.962485;0.00319681;0.00129345;1.04345e-05;0;0;0.0405862;0.0405862;0;
305;0.00130377;0.962681;0.00322163;0.00130377;5.11079e-06;0;0;0.0405862;0.0405862;0;
306;0.00131422;0.96286;0.00324685;0.00131422;0;0;0;0.0405862;0.0405862;0;
307;0.00132482;0.963021;0.00327245;0.00132482;0;0;0;0.0405862;0.0405862;0;
308;0.00133554;0.963164;0.00329841;0.00133554;0;0;0;0.0405862;0.0405862;0;
309;0.00134638;0.963291;0.00332473;0.00134638;0;0;0;0.0405862;0.0405862;0;
310;0.00135735;0.963402;0.0033514;0.00135735;0;0;0;0.0405862;0.0405862;0;
311;0.00136843;0.963498;0.00337841;0.00136843;0;0;0;0.0405862;0.0405862;0;
312;0.00137963;0.963578;0.00340575;0.00137963;0;0;0;0.0405862;0.0405862;0;
313;0.00139094;0.963644;0.0034334;0.00139094;0;0;0;0.0405862;0.0405862;0;
314;0.00140235;0.963696;0.00346136;0.00140235;0;0;0;0.0405862;0.0405862;0;
315;0.00141387;0.963734;0.00348963;0.00141387;0;0;0;0.0405862;0.0405862;0;
316;0.00142549;0.96376;0.00351818;0.00142549;0;0;0;0.0405862;0.0405862;0;
317;0.0014372;0.963772;0.00354701;0.0014372;0;0;0;0.0405862;0.0405862;0;
318;0.00144901;0.963772;0.00357612;0.00144901;0;0;0;0.0405862;0.0405862;0;
319;0.0014609;0.96376;0.00360549;0.0014609;0;0;0;0.0405862;0.0405862;0;
320;0.00147288;0.963737;0.00363511;0.00147288;0;0;0;0.0405862;0.0405862;0;
321;0.00148494;0.963703;0.00366498;0.00148494;0;0;0;0.0405862;0.0405862;0;
322;0.00149708;0.963657;0.00369508;0.00149708;0;0;0;0.0405862;0.0405862;0;
323;0.00150929;0.963602;0.00372541;0.00150929;0;0;0;0.0405862;0.0405862;0;
324;0.00152158;0.963536;0.00375595;0.00152158;0;0;0;0.0405862;0.0405862;0;
325;0.00153393;0.963461;0.0037867;0.00153393;0;0;0;0.0405862;0.0405862;0;
326;0.00154634;0.963376;0.00381765;0.00154634;0;0;0;0.0405862;0.0405862;0;
327;0.00155882;0.963282;0.00384879;0.00155882;0;0;0;0.0405862;0.0405862;0;
328;0.00157135;0.96318;0.0038801;0.00157135;0;0;0;0.0405862;0.0405862;0;
329;0.00158393;0.963068;0.00391159;0.00158393;0;0;0;0.0405862;0.0405862;0;
330;0.00159656;0.962949;0.00394324;0.00159656;0;0;0;0.0405862;0.0405862;0;
331;0.00160924;0.962822;0.00397505;0.00160924;0;0;0;0.0405862;0.0405862;0;
332;0.00162196;0.962687;0.00400699;0.00162196;0;0;0;0.0405862;0.0405862;0;
333;0.00163472;0.962545;0.00403907;0.00163472;0;0;0;0.0405862;0.0405862;0;
334;0.00164751;0.962396;0.00407128;0.00164751;0;0;0;0.0405862;0.0405862;0;
335;0.00166034;0.962239;0.0041036;0.00166034;0;0;0;0.0405862;0.0405862;0;
336;0.00167319;0.962077;0.00413603;0.00167319;0;0;0;0.0405862;0.0405862;0;
337;0.00168607;0.961908;0.00416856;0.00168607;0;0;0;0.0405862;0.0405862;0;
338;0.00169897;0.961732;0.00420118;0.00169897;0;0;0;0.0405862;0.0405862;0;
339;0.00171189;0.961551;0.00423388;0.00171189;0;0;0;0.0405862;0.0405862;0;
340;0.00172482;0.961364;0.00426664;0.00172482;0;0;0;0.0405862;0.0405862;0;
341;0.00173776;0.961172;0.00429947;0.00173776;0;0;0;0.0405862;0.0405862;0;
342;0.0017507;0.960974;0.00433236;0.0017507;0;0;0;0.0405862;0.0405862;0;
343;0.00176365;0.960772;0.00436529;0.00176365;0;0;0;0.0405862;0.0405862;0;
344;0.0017766;0.960564;0.00439825;0.0017766;0;0;0;0.0405862;0.0405862;0;
345;0.00178955;0.960352;0.00443123;0.00178955;0;0;0;0.0405862;0.0405862;0;
346;0.00180249;0.960136;0.00446424;0.00180249;0;0;0;0.0405862;0.0405862;0;
347;0.00181542;0.959915;0.00449725;0.00181542;0;0;0;0.0405862;0.0405862;0;
348;0.00182833;0.95969;0.00453026;0.00182833;0;0;0;0.0405862;0.0405862;0;
349;0.00184123;0.959461;0.00456327;0.00184123;0;0;0;0.0405862;0.0405862;0;
350;0.0018541;0.959228;0.00459625;0.0018541;0;0;0;0.0405862;0.0405862;0;
351;0.00186696;0.958992;0.00462921;0.00186696;0;0;0;0.0405862;0.0405862;0;
352;0.00187978;0.958753;0.00466213;0.00187978;0;0;0;0.0405862;0.0405862;0;
353;0.00189258;0.95851;0.004695;0.00189258;0;0;0;0.0405862;0.0405862;0;
354;0.00190534;0.958264;0.00472783;0.00190534;0;0;0;0.0405862;0.0405862;0;
355;0.00191806;0.958016;0.00476059;0.00191806;0;0;0;0.0405862;0.0405862;0;
356;0.00193074;0.957764;0.00479328;0.00193074;0;0;0;0.0405862;0.0405862;0;
357;0.00194338;0.95751;0.00482589;0.00194338;0;0;0;0.0405862;0.0405862;0;
358;0.00195597;0.957254;0.00485842;0.00195597;0;0;0;0.0405862;0.0405862;0;
359;0.00196851;0.956995;0.00489085;0.00196851;0;0;0;0.0405862;0.0405862;0;
360;0.001981;0.956735;0.00492318;0.001981;0;0;0;0.0405862;0.0405862;0;
361;0.00199344;0.956472;0.0049554;0.00199344;0;0;0;0.0405862;0.0405862;0;
362;0.00200581;0.956207;0.00498749;0.00200581;0;0;0;0.0405862;0.0405862;0;
363;0.00201813;0.955941;0.00501946;0.00201813;0;0;0;0.0405862;0.0405862;0;
364;0.00203037;0.955673;0.0050513;0.00203037;0;0;0;0.0405862;0.0405862;0;
365;0.00204255;0.955403;0.00508299;0.00204255;0;0;0;0.0405862;0.0405862;0;
366;0.00205466;0.955132;0.00511453;0.00205466;0;0;0;0.0405862;0.0405862;0;
367;0.0020667;0.95486;0.00514592;0.0020667;0;0;0;0.0405862;0.0405862;0;
368;0.00207866;0.954587;0.00517714;0.00207866;0;0;0;0.0405862;0.0405862;0;
369;0.00209055;0.954313;0.00520818;0.00209055;0;0;0;0.0405862;0.0405862;0;
370;0.00210235;0.954038;0.00523905;0.00210235;0;0;0;0.0405862;0.0405862;0;
371;0.00211407;0.953763;0.00526973;0.00211407;0;0;0;0.0405862;0.0405862;0;
372;0.0021257;0.953487;0.00530022;0.0021257;0;0;0;0.0405862;0.0405862;0;
373;0.00213725;0.95321;0.00533051;0.00213725;0;0;0;0.0405862;0.0405862;0;
374;0.0021487;0.952933;0.00536059;0.0021487;0;0;0;0.0405862;0.0405862;0;
375;0.00216007;0.952655;0.00539047;0.00216007;0;0;0;0.0405862;0.0405862;0;
376;0.00217133;0.952378;0.00542012;0.00217133;0;0;0;0.0405862;0.0405862;0;
377;0.0021825;0.9521;0.00544954;0.0021825;0;0;0;0.0405862;0.0405862;0;
378;0.00219357;0.951823;0.00547874;0.00219357;0;0;0;0.0405862;0.0405862;0;
379;0.00220454;0.951545;0.0055077;0.00220454;0;0;0;0.0405862;0.0405862;0;
380;0.00221541;0.951268;0.00553641;0.00221541;0;0;0;0.0405862;0.0405862;0;
381;0.00222617;0.950991;0.00556488;0.00222617;0;0;0;0.0405862;0.0405862;0;
382;0.00223683;0.950715;0.0055931;0.00223683;0;0;0;0.0405862;0.0405862;0;
383;0.00224737;0.950439;0.00562106;0.00224737;0;0;0;0.0405862;0.0405862;0;
384;0.00225781;0.950163;0.00564875;0.00225781;0;0;0;0.0405862;0.0405862;0;
385;0.00226813;0.949889;0.00567618;0.00226813;0;0;0;0.0405862;0.0405862;0;
386;0.00227835;0.949615;0.00570333;0.00227835;0;0;0;0.0405862;0.0405862;0;
387;0.00228844;0.949342;0.00573021;0.00228844;0;0;0;0.0405862;0.0405862;0;
388;0.00229842;0.94907;0.00575681;0.00229842;0;0;0;0.0405862;0.0405862;0;
389;0.00230828;0.948799;0.00578312;0.00230828;0;0;0;0.0405862;0.0405862;0;
390;0.00231803;0.948529;0.00580915;0.00231803;0;0;0;0.0405862;0.0405862;0;
391;0.00232765;0.94826;0.00583488;0.00232765;0;0;0;0.0405862;0.0405862;0;
392;0.00233716;0.947992;0.00586031;0.00233716;0;0;0;0.0405862;0.0405862;0;
393;0.00234654;0.947726;0.00588545;0.00234654;0;0;0;0.0405862;0.0405862;0;
394;0.0023558;0.947461;0.00591028;0.0023558;0;0;0;0.0405862;0.0405862;0;
395;0.00236493;0.947198;0.00593481;0.00236493;0;0;0;0.0405862;0.0405862;0;
396;0.00237394;0.946936;0.00595903;0.00237394;0;0;0;0.0405862;0.0405862;0;
397;0.00238283;0.946676;0.00598294;0.00238283;0;0;0;0.0405862;0.0405862;0;
398;0.00239159;0.946417;0.00600653;0.00239159;0;0;0;0.0405862;0.0405862;0;
399;0.00240022;0.94616;0.00602981;0.00240022;0;0;0;0.0405862;0.0405862;0;
400;0.00240873;0.945905;0.00605278;0.00240873;0;0;0;0.0405862;0.0405862;0;
401;0.00241711;0.945652;0.00607542;0.00241711;0;0;0;0.0405862;0.0405862;0;
402;0.00242536;0.9454;0.00609774;0.00242536;0;0;0;0.0405862;0.0405862;0;
403;0.00243348;0.945151;0.00611974;0.00243348;0;0;0;0.0405862;0.0405862;0;
404;0.00244148;0.944903;0.00614142;0.00244148;0;0;0;0.0405862;0.0405862;0;
405;0.00244935;0.944658;0.00616278;0.00244935;0;0;0;0.0405862;0.0405862;0;
406;0.00245708;0.944414;0.0061838;0.00245708;0;0;0;0.0405862;0.0405862;0;
407;0.00246469;0.944173;0.00620451;0.00246469;0;0;0;0.0405862;0.0405862;0;
408;0.00247218;0.943934;0.00622488;0.00247218;0;0;0;0.0405862;0.0405862;0;
409;0.00247953;0.943697;0.00624493;0.00247953;0;0;0;0.0405862;0.0405862;0;
410;0.00248675;0.943462;0.00626465;0.00248675;0;0;0;0.0405862;0.0405862;0;
411;0.00249385;0.94323;0.00628404;0.00249385;0;0;0;0.0405862;0.0405862;0;
412;0.00250082;0.943;0.00630311;0.00250082;0;0;0;0.0405862;0.0405862;0;
413;0.00250766;0.942772;0.00632185;0.00250766;0;0;0;0.0405862;0.0405862;0;
414;0.00251438;0.942547;0.00634026;0.00251438;0;0;0;0.0405862;0.0405862;0;
415;0.00252097;0.942324;0.00635834;0.00252097;0;0;0;0.0405862;0.0405862;0;
416;0.00252743;0.942104;0.0063761;0.00252743;0;0;0;0.0405862;0.0405862;0;
417;0.00253377;0.941886;0.00639354;0.00253377;0;0;0;0.0405862;0.0405862;0;
418;0.00253998;0.941671;0.00641065;0.00253998;0;0;0;0.0405862;0.0405862;0;
419;0.00254607;0.941458;0.00642744;0.00254607;0;0;0;0.0405862;0.0405862;0;
420;0.00255203;0.941247;0.00644391;0.00255203;0;0;0;0.0405862;0.0405862;0;
421;0.00255788;0.94104;0.00646006;0.00255788;0;0;0;0.0405862;0.0405862;0;
422;0.0025636;0.940834;0.00647589;0.0025636;0;0;0;0.0405862;0.0405862;0;
423;0.0025692;0.940632;0.0064914;0.0025692;0;0;0;0.0405862;0.0405862;0;
424;0.00257468;0.940432;0.0065066;0.00257468;0;0;0;0.0405862;0.0405862;0;
425;0.00258004;0.940235;0.00652149;0.00258004;0;0;0;0.0405862;0.0405862;0;
426;0.00258528;0.94004;0.00653607;0.00258528;0;0;0;0.0405862;0.0405862;0;
427;0.0025904;0.939848;0.00655033;0.0025904;0;0;0;0.0405862;0.0405862;0;
428;0.00259541;0.939659;0.0065643;0.00259541;0;0;0;0.0405862;0.0405862;0;
429;0.00260031;0.939472;0.00657795;0.00260031;0;0;0;0.0405862;0.0405862;0;
430;0.00260508;0.939288;0.00659131;0.00260508;0;0;0;0.0405862;0.0405862;0;
431;0.00260975;0.939107;0.00660437;0.00260975;0;0;0;0.0405862;0.0405862;0;
432;0.00261431;0.938928;0.00661713;0.00261431;0;0;0;0.0405862;0.0405862;0;
433;0.00261875;0.938752;0.0066296;0.00261875;0;0;0;0.0405862;0.0405862;0;
434;0.00262309;0.938579;0.00664178;0.00262309;0;0;0;0.0405862;0.0405862;0;
435;0.00262731;0.938409;0.00665367;0.00262731;0;0;0;0.0405862;0.0405862;0;
436;0.00263144;0.938241;0.00666528;0.00263144;0;0;0;0.0405862;0.0405862;0;
437;0.00263545;0.938076;0.0066766;0.00263545;0;0;0;0.0405862;0.0405862;0;
438;0.00263936;0.937913;0.00668765;0.00263936;0;0;0;0.0405862;0.0405862;0;
439;0.00264317;0.937754;0.00669842;0.00264317;0;0;0;0.0405862;0.0405862;0;
440;0.00264688;0.937597;0.00670892;0.00264688;0;0;0;0.0405862;0.0405862;0;
441;0.00265049;0.937442;0.00671915;0.00265049;0;0;0;0.0405862;0.0405862;0;
442;0.002654;0.937291;0.00672912;0.002654;0;0;0;0.0405862;0.0405862;0;
443;0.00265741;0.937142;0.00673882;0.00265741;0;0;0;0.0405862;0.0405862;0;
444;0.00266073;0.936995;0.00674827;0.00266073;0;0;0;0.0405862;0.0405862;0;
445;0.00266395;0.936851;0.00675746;0.00266395;0;0;0;0.0405862;0.0405862;0;
446;0.00266708;0.93671;0.00676641;0.00266708;0;0;0;0.0405862;0.0405862;0;
447;0.00267012;0.936572;0.0067751;0.00267012;0;0;0;0.0405862;0.0405862;0;
448;0.00267307;0.936436;0.00678355;0.00267307;0;0;0;0.0405862;0.0405862;0;
449;0.00267593;0.936302;0.00679176;0.00267593;0;0;0;0.0405862;0.0405862;0;
450;0.0026787;0.936172;0.00679974;0.0026787;0;0;0;0.0405862;0.0405862;0;
451;0.00268139;0.936043;0.00680748;0.00268139;0;0;0;0.0405862;0.0405862;0;
452;0.00268399;0.935918;0.00681499;0.00268399;0;0;0;0.0405862;0.0405862;0;
453;0.00268652;0.935794;0.00682228;0.00268652;0;0;0;0.0405862;0.0405862;0;
454;0.00268896;0.935674;0.00682934;0.00268896;0;0;0;0.0405862;0.0405862;0;
455;0.00269132;0.935555;0.00683619;0.00269132;0;0;0;0.0405862;0.0405862;0;
456;0.0026936;0.93544;0.00684283;0.0026936;0;0;0;0.0405862;0.0405862;0;
457;0.00269581;0.935326;0.00684925;0.00269581;0;0;0;0.0405862;0.0405862;0;
458;0.00269794;0.935215;0.00685547;0.00269794;0;0;0;0.0405862;0.0405862;0;
459;0.0027;0.935107;0.00686149;0.0027;0;0;0;0.0405862;0.0405862;0;
460;0.00270199;0.935;0.00686731;0.00270199;0;0;0;0.0405862;0.0405862;0;
461;0.0027039;0.934896;0.00687293;0.0027039;0;0;0;0.0405862;0.0405862;0;
462;0.00270575;0.934795;0.00687836;0.00270575;0;0;0;0.0405862;0.0405862;0;
463;0.00270753;0.934696;0.00688361;0.00270753;0;0;0;0.0405862;0.0405862;0;
464;0.00270924;0.934598;0.00688867;0.00270924;0;0;0;0.0405862;0.0405862;0;
465;0.00271089;0.934504;0.00689355;0.00271089;0;0;0;0.0405862;0.0405862;0;
466;0.00271248;0.934411;0.00689826;0.00271248;0;0;0;0.0405862;0.0405862;0;
467;0.002714;0.934321;0.00690279;0.002714;0;0;0;0.0405862;0.0405862;0;
468;0.00271546;0.934232;0.00690715;0.00271546;0;0;0;0.0405862;0.0405862;0;
469;0.00271687;0.934146;0.00691135;0.00271687;0;0;0;0.0405862;0.0405862;0;
470;0.00271821;0.934062;0.00691539;0.00271821;0;0;0;0.0405862;0.0405862;0;
471;0.0027195;0.93398;0.00691927;0.0027195;0;0;0;0.0405862;0.0405862;0;
472;0.00272074;0.9339;0.006923;0.00272074;0;0;0;0.0405862;0.0405862;0;
473;0.00272192;0.933822;0.00692657;0.00272192;0;0;0;0.0405862;0.0405862;0;
474;0.00272305;0.933746;0.00693;0.00272305;0;0;0;0.0405862;0.0405862;0;
475;0.00272412;0.933672;0.00693329;0.00272412;0;0;0;0.0405862;0.0405862;0;
476;0.00272515;0.9336;0.00693643;0.00272515;0;0;0;0.0405862;0.0405862;0;
477;0.00272613;0.93353;0.00693944;0.00272613;0;0;0;0.0405862;0.0405862;0;
478;0.00272706;0.933462;0.00694231;0.00272706;0;0;0;0.0405862;0.0405862;0;
479;0.00272795;0.933395;0.00694506;0.00272795;0;0;0;0.0405862;0.0405862;0;
480;0.00272879;0.933331;0.00694768;0.00272879;0;0;0;0.0405862;0.0405862;0;
481;0.00272959;0.933268;0.00695017;0.00272959;0;0;0;0.0405862;0.0405862;0;
482;0.00273034;0.933207;0.00695255;0.00273034;0;0;0;0.0405862;0.0405862;0;
483;0.00273106;0.933148;0.0069548;0.00273106;0;0;0;0.0405862;0.0405862;0;
484;0.00273173;0.93309;0.00695694;0.00273173;0;0;0;0.0405862;0.0405862;0;
485;0.00273237;0.933034;0.00695898;0.00273237;0;0;0;0.0405862;0.0405862;0;
486;0.00273296;0.93298;0.0069609;0.00273296;0;0;0;0.0405862;0.0405862;0;
487;0.00273353;0.932927;0.00696272;0.00273353;0;0;0;0.0405862;0.0405862;0;
488;0.00273405;0.932876;0.00696444;0.00273405;0;0;0;0.0405862;0.0405862;0;
489;0.00273454;0.932826;0.00696606;0.00273454;0;0;0;0.0405862;0.0405862;0;
490;0.002735;0.932778;0.00696758;0.002735;0;0;0;0.0405862;0.0405862;0;
491;0.00273543;0.932732;0.00696901;0.00273543;0;0;0;0.0405862;0.0405862;0;
492;0.00273582;0.932687;0.00697035;0.00273582;0;0;0;0.0405862;0.0405862;0;
493;0.00273618;0.932643;0.0069716;0.00273618;0;0;0;0.0405862;0.0405862;0;
494;0.00273652;0.932601;0.00697277;0.00273652;0;0;0;0.0405862;0.0405862;0;
495;0.00273683;0.93256;0.00697385;0.00273683;0;0;0;0.0405862;0.0405862;0;
496;0.0027371;0.93252;0.00697485;0.0027371;0;0;0;0.0405862;0.0405862;0;
497;0.00273736;0.932482;0.00697578;0.00273736;0;0;0;0.0405862;0.0405862;0;
498;0.00273758;0.932445;0.00697663;0.00273758;0;0;0;0.0405862;0.0405862;0;
499;0.00273779;0.93241;0.00697741;0.00273779;0;0;0;0.0405862;0.0405862;0;
500;0.00273796;0.932375;0.00697812;0.00273796;0;0;0;0.0405862;0.0405862;0;
501;0.00273812;0.932342;0.00697876;0.00273812;0;0;0;0.0405862;0.0405862;0;
502;0.00273825;0.93231;0.00697934;0.00273825;0;0;0;0.0405862;0.0405862;0;
503;0.00273836;0.93228;0.00697985;0.00273836;0;0;0;0.0405862;0.0405862;0;
504;0.00273845;0.93225;0.00698031;0.00273845;0;0;0;0.0405862;0.0405862;0;
505;0.00273853;0.932221;0.0069807;0.00273853;0;0;0;0.0405862;0.0405862;0;
506;0.00273858;0.932194;0.00698104;0.00273858;0;0;0;0.0405862;0.0405862;0;
507;0.00273861;0.932168;0.00698133;0.00273861;0;0;0;0.0405862;0.0405862;0;
508;0.00273863;0.932142;0.00698156;0.00273863;0;0;0;0.0405862;0.0405862;0;
509;0.00273863;0.932118;0.00698174;0.00273863;0;0;0;0.0405862;0.0405862;0;
510;0.00273861;0.932095;0.00698187;0.00273861;0;0;0;0.0405862;0.0405862;0;
511;0.00273858;0.932072;0.00698196;0.00273858;0;0;0;0.0405862;0.0405862;0;
512;0.00273853;0.932051;0.006982;0.00273853;0;0;0;0.0405862;0.0405862;0;
513;0.00273847;0.93203;0.006982;0.00273847;0;0;0;0.0405862;0.0405862;0;
514;0.0027384;0.932011;0.00698196;0.0027384;0;0;0;0.0405862;0.0405862;0;
515;0.00273831;0.931992;0.00698188;0.00273831;0;0;0;0.0405862;0.0405862;0;
516;0.00273821;0.931974;0.00698176;0.00273821;0;0;0;0.0405862;0.0405862;0;
517;0.0027381;0.931957;0.0069816;0.0027381;0;0;0;0.0405862;0.0405862;0;
518;0.00273798;0.931941;0.00698141;0.00273798;0;0;0;0.0405862;0.0405862;0;
519;0.00273785;0.931925;0.00698119;0.00273785;0;0;0;0.0405862;0.0405862;0;
520;0.0027377;0.931911;0.00698094;0.0027377;0;0;0;0.0405862;0.0405862;0;
521;0.00273755;0.931897;0.00698065;0.00273755;0;0;0;0.0405862;0.0405862;0;
522;0.00273739;0.931883;0.00698034;0.00273739;0;0;0;0.0405862;0.0405862;0;
523;0.00273722;0.931871;0.00698;0.00273722;0;0;0;0.0405862;0.0405862;0;
524;0.00273704;0.931859;0.00697964;0.00273704;0;0;0;0.0405862;0.0405862;0;
525;0.00273686;0.931848;0.00697925;0.00273686;0;0;0;0.0405862;0.0405862;0;
526;0.00273666;0.931837;0.00697884;0.00273666;0;0;0;0.0405862;0.0405862;0;
527;0.00273646;0.931827;0.0069784;0.00273646;0;0;0;0.0405862;0.0405862;0;
528;0.00273626;0.931818;0.00697795;0.00273626;0;0;0;0.0405862;0.0405862;0;
529;0.00273605;0.931809;0.00697748;0.00273605;0;0;0;0.0405862;0.0405862;0;
530;0.00273583;0.931801;0.00697698;0.00273583;0;0;0;0.0405862;0.0405862;0;
531;0.00273561;0.931793;0.00697647;0.00273561;0;0;0;0.0405862;0.0405862;0;
532;0.00273538;0.931786;0.00697595;0.00273538;0;0;0;0.0405862;0.0405862;0;
533;0.00273515;0.93178;0.00697541;0.00273515;0;0;0;0.0405862;0.0405862;0;
534;0.00273491;0.931773;0.00697486;0.00273491;0;0;0;0.0405862;0.0405862;0;
535;0.00273467;0.931768;0.00697429;0.00273467;0;0;0;0.0405862;0.0405862;0;
536;0.00273443;0.931763;0.00697371;0.00273443;0;0;0;0.0405862;0.0405862;0;
537;0.00273419;0.931758;0.00697312;0.00273419;0;0;0;0.0405862;0.0405862;0;
538;0.00273394;0.931754;0.00697252;0.00273394;0;0;0;0.0405862;0.0405862;0;
539;0.00273369;0.93175;0.00697191;0.00273369;0;0;0;0.0405862;0.0405862;0;
540;0.00273343;0.931746;0.00697129;0.00273343;0;0;0;0.0405862;0.0405862;0;
541;0.00273318;0.931743;0.00697067;0.00273318;0;0;0;0.0405862;0.0405862;0;
542;0.00273292;0.931741;0.00697003;0.00273292;0;0;0;0.0405862;0.0405862;0;
543;0.00273266;0.931738;0.00696939;0.00273266;0;0;0;0.0405862;0.0405862;0;
544;0.00273241;0.931737;0.00696875;0.00273241;0;0;0;0.0405862;0.0405862;0;
545;0.00273215;0.931735;0.0069681;0.00273215;0;0;0;0.0405862;0.0405862;0;
546;0.00273188;0.931734;0.00696744;0.00273188;0;0;0;0.0405862;0.0405862;0;
547;0.00273162;0.931733;0.00696679;0.00273162;0;0;0;0.0405862;0.0405862;0;
548;0.00273136;0.931732;0.00696613;0.00273136;0;0;0;0.0405862;0.0405862;0;
549;0.0027311;0.931732;0.00696546;0.0027311;0;0;0;0.0405862;0.0405862;0;
550;0.00273084;0.931732;0.0069648;0.00273084;0;0;0;0.0405862;0.0405862;0;
551;0.00273058;0.931732;0.00696413;0.00273058;0;0;0;0.0405862;0.0405862;0;
552;0.00273032;0.931732;0.00696347;0.00273032;0;0;0;0.0405862;0.0405862;0;
553;0.00273006;0.931733;0.0069628;0.00273006;0;0;0;0.0405862;0.0405862;0;
554;0.0027298;0.931734;0.00696213;0.0027298;0;0;0;0.0405862;0.0405862;0;
555;0.00272954;0.931735;0.00696147;0.00272954;0;0;0;0.0405862;0.0405862;0;
556;0.00272928;0.931736;0.00696081;0.00272928;0;0;0;0.0405862;0.0405862;0;
557;0.00272903;0.931738;0.00696014;0.00272903;0;0;0;0.0405862;0.0405862;0;
558;0.00272877;0.931739;0.00695948;0.00272877;0;0;0;0.0405862;0.0405862;0;
559;0.00272852;0.931741;0.00695883;0.00272852;0;0;0;0.0405862;0.0405862;0;
560;0.00272827;0.931743;0.00695817;0.00272827;0;0;0;0.0405862;0.0405862;0;
561;0.00272802;0.931746;0.00695752;0.00272802;0;0;0;0.0405862;0.0405862;0;
562;0.00272777;0.931748;0.00695687;0.00272777;0;0;0;0.0405862;0.0405862;0;
563;0.00272753;0.931751;0.00695623;0.00272753;0;0;0;0.0405862;0.0405862;0;
564;0.00272728;0.931753;0.00695559;0.00272728;0;0;0;0.0405862;0.0405862;0;
565;0.00272704;0.931756;0.00695495;0.00272704;0;0;0;0.0405862;0.0405862;0;
566;0.0027268;0.931759;0.00695432;0.0027268;0;0;0;0.0405862;0.0405862;0;
567;0.00272657;0.931762;0.00695369;0.00272657;0;0;0;0.0405862;0.0405862;0;
568;0.00272633;0.931765;0.00695307;0.00272633;0;0;0;0.0405862;0.0405862;0;
569;0.0027261;0.931769;0.00695246;0.0027261;0;0;0;0.0405862;0.0405862;0;
570;0.00272587;0.931772;0.00695185;0.00272587;0;0;0;0.0405862;0.0405862;0;
571;0.00272564;0.931775;0.00695124;0.00272564;0;0;0;0.0405862;0.0405862;0;
572;0.00272542;0.931779;0.00695064;0.00272542;0;0;0;0.0405862;0.0405862;0;
573;0.0027252;0.931783;0.00695005;0.0027252;0;0;0;0.0405862;0.0405862;0;
574;0.00272498;0.931786;0.00694947;0.00272498;0;0;0;0.0405862;0.0405862;0;
575;0.00272476;0.93179;0.00694889;0.00272476;0;0;0;0.0405862;0.0405862;0;
576;0.00272455;0.931794;0.00694832;0.00272455;0;0;0;0.0405862;0.0405862;0;
577;0.00272434;0.931798;0.00694775;0.00272434;0;0;0;0.0405862;0.0405862;0;
578;0.00272413;0.931802;0.00694719;0.00272413;0;0;0;0.0405862;0.0405862;0;
579;0.00272392;0.931806;0.00694664;0.00272392;0;0;0;0.0405862;0.0405862;0;
580;0.00272372;0.93181;0.0069461;0.00272372;0;0;0;0.0405862;0.0405862;0;
581;0.00272352;0.931814;0.00694556;0.00272352;0;0;0;0.0405862;0.0405862;0;
582;0.00272333;0.931818;0.00694503;0.00272333;0;0;0;0.0405862;0.0405862;0;
583;0.00272313;0.931822;0.00694451;0.00272313;0;0;0;0.0405862;0.0405862;0;
584;0.00272294;0.931826;0.006944;0.00272294;0;0;0;0.0405862;0.0405862;0;
585;0.00272276;0.931831;0.00694349;0.00272276;0;0;0;0.0405862;0.0405862;0;
586;0.00272257;0.931835;0.00694299;0.00272257;0;0;0;0.0405862;0.0405862;0;
587;0.00272239;0.931839;0.0069425;0.00272239;0;0;0;0.0405862;0.0405862;0;
588;0.00272221;0.931843;0.00694201;0.00272221;0;0;0;0.0405862;0.0405862;0;
589;0.00272204;0.931847;0.00694154;0.00272204;0;0;0;0.0405862;0.0405862;0;
590;0.00272187;0.931852;0.00694107;0.00272187;0;0;0;0.0405862;0.0405862;0;
591;0.0027217;0.931856;0.00694061;0.0027217;0;0;0;0.0405862;0.0405862;0;
592;0.00272153;0.93186;0.00694015;0.00272153;0;0;0;0.0405862;0.0405862;0;
593;0.00272137;0.931864;0.00693971;0.00272137;0;0;0;0.0405862;0.0405862;0;
594;0.00272121;0.931869;0.00693927;0.00272121;0;0;0;0.0405862;0.0405862;0;
595;0.00272105;0.931873;0.00693884;0.00272105;0;0;0;0.0405862;0.0405862;0;
596;0.0027209;0.931877;0.00693842;0.0027209;0;0;0;0.0405862;0.0405862;0;
597;0.00272075;0.931881;0.006938;0.00272075;0;0;0;0.0405862;0.0405862;0;
598;0.0027206;0.931885;0.0069376;0.0027206;0;0;0;0.0405862;0.0405862;0;
599;0.00272046;0.931889;0.0069372;0.00272046;0;0;0;0.0405862;0.0405862;0;
600;0.00272031;0.931894;0.0069368;0.00272031;0;0;0;0.0405862;0.0405862;0;
601;0.00272018;0.931898;0.00693642;0.00272018;0;0;0;0.0405862;0.0405862;0;
602;0.00272004;0.931902;0.00693604;0.00272004;0;0;0;0.0405862;0.0405862;0;
603;0.00271991;0.931906;0.00693568;0.00271991;0;0;0;0.0405862;0.0405862;0;
604;0.00271978;0.93191;0.00693531;0.00271978;0;0;0;0.0405862;0.0405862;0;
605;0.00271965;0.931914;0.00693496;0.00271965;0;0;0;0.0405862;0.0405862;0;
606;0.00271952;0.931918;0.00693461;0.00271952;0;0;0;0.0405862;0.0405862;0;
607;0.0027194;0.931921;0.00693427;0.0027194;0;0;0;0.0405862;0.0405862;0;
608;0.00271928;0.931925;0.00693394;0.00271928;0;0;0;0.0405862;0.0405862;0;
609;0.00271917;0.931929;0.00693362;0.00271917;0;0;0;0.0405862;0.0405862;0;
610;0.00271905;0.931933;0.0069333;0.00271905;0;0;0;0.0405862;0.0405862;0;
611;0.00271894;0.931937;0.00693299;0.00271894;0;0;0;0.0405862;0.0405862;0;
612;0.00271883;0.93194;0.00693268;0.00271883;0;0;0;0.0405862;0.0405862;0;
613;0.00271873;0.931944;0.00693238;0.00271873;0;0;0;0.0405862;0.0405862;0;
614;0.00271862;0.931948;0.00693209;0.00271862;0;0;0;0.0405862;0.0405862;0;
615;0.00271852;0.931951;0.00693181;0.00271852;0;0;0;0.0405862;0.0405862;0;
616;0.00271842;0.931955;0.00693153;0.00271842;0;0;0;0.0405862;0.0405862;0;
617;0.00271833;0.931958;0.00693126;0.00271833;0;0;0;0.0405862;0.0405862;0;
618;0.00271823;0.931962;0.006931;0.00271823;0;0;0;0.0405862;0.0405862;0;
619;0.00271814;0.931965;0.00693074;0.00271814;0;0;0;0.0405862;0.0405862;0;
620;0.00271805;0.931968;0.00693049;0.00271805;0;0;0;0.0405862;0.0405862;0;
621;0.00271797;0.931972;0.00693025;0.00271797;0;0;0;0.0405862;0.0405862;0;
622;0.00271788;0.931975;0.00693001;0.00271788;0;0;0;0.0405862;0.0405862;0;
623;0.0027178;0.931978;0.00692978;0.0027178;0;0;0;0.0405862;0.0405862;0;
624;0.00271772;0.931981;0.00692955;0.00271772;0;0;0;0.0405862;0.0405862;0;
625;0.00271764;0.931984;0.00692933;0.00271764;0;0;0;0.0405862;0.0405862;0;
626;0.00271757;0.931987;0.00692911;0.00271757;0;0;0;0.0405862;0.0405862;0;
627;0.00271749;0.93199;0.0069289;0.00271749;0;0;0;0.0405862;0.0405862;0;
628;0.00271742;0.931993;0.0069287;0.00271742;0;0;0;0.0405862;0.0405862;0;
629;0.00271735;0.931996;0.0069285;0.00271735;0;0;0;0.0405862;0.0405862;0;
630;0.00271729;0.931999;0.00692831;0.00271729;0;0;0;0.0405862;0.0405862;0;
631;0.00271722;0.932002;0.00692812;0.00271722;0;0;0;0.0405862;0.0405862;0;
632;0.00271716;0.932005;0.00692794;0.00271716;0;0;0;0.0405862;0.0405862;0;
633;0.0027171;0.932008;0.00692777;0.0027171;0;0;0;0.0405862;0.0405862;0;
634;0.00271704;0.93201;0.00692759;0.00271704;0;0;0;0.0405862;0.0405862;0;
635;0.00271698;0.932013;0.00692743;0.00271698;0;0;0;0.0405862;0.0405862;0;
636;0.00271692;0.932015;0.00692727;0.00271692;0;0;0;0.0405862;0.0405862;0;
637;0.00271687;0.932018;0.00692711;0.00271687;0;0;0;0.0405862;0.0405862;0;
638;0.00271682;0.93202;0.00692696;0.00271682;0;0;0;0.0405862;0.0405862;0;
639;0.00271676;0.932023;0.00692681;0.00271676;0;0;0;0.0405862;0.0405862;0;
640;0.00271672;0.932025;0.00692667;0.00271672;0;0;0;0.0405862;0.0405862;0;
641;0.00271667;0.932027;0.00692653;0.00271667;0;0;0;0.0405862;0.0405862;0;
642;0.00271662;0.93203;0.0069264;0.00271662;0;0;0;0.0405862;0.0405862;0;
643;0.00271658;0.932032;0.00692627;0.00271658;0;0;0;0.0405862;0.0405862;0;
644;0.00271654;0.932034;0.00692614;0.00271654;0;0;0;0.0405862;0.0405862;0;
645;0.00271649;0.932036;0.00692602;0.00271649;0;0;0;0.0405862;0.0405862;0;
646;0.00271645;0.932038;0.00692591;0.00271645;0;0;0;0.0405862;0.0405862;0;
647;0.00271642;0.93204;0.00692579;0.00271642;0;0;0;0.0405862;0.0405862;0;
648;0.00271638;0.932042;0.00692568;0.00271638;0;0;0;0.0405862;0.0405862;0;
649;0.00271634;0.932044;0.00692558;0.00271634;0;0;0;0.0405862;0.0405862;0;
650;0.00271631;0.932046;0.00692548;0.00271631;0;0;0;0.0405862;0.0405862;0;
651;0.00271628;0.932048;0.00692538;0.00271628;0;0;0;0.0405862;0.0405862;0;
652;0.00271624;0.93205;0.00692529;0.00271624;0;0;0;0.0405862;0.0405862;0;
653;0.00271621;0.932052;0.00692519;0.00271621;0;0;0;0.0405862;0.0405862;0;
654;0.00271618;0.932054;0.00692511;0.00271618;0;0;0;0.0405862;0.0405862;0;
655;0.00271616;0.932055;0.00692502;0.00271616;0;0;0;0.0405862;0.0405862;0;
656;0.00271613;0.932057;0.00692494;0.00271613;0;0;0;0.0405862;0.0405862;0;
657;0.0027161;0.932059;0.00692487;0.0027161;0;0;0;0.0405862;0.0405862;0;
658;0.00271608;0.93206;0.00692479;0.00271608;0;0;0;0.0405862;0.0405862;0;
659;0.00271606;0.932062;0.00692472;0.00271606;0;0;0;0.0405862;0.0405862;0;
660;0.00271603;0.932063;0.00692465;0.00271603;0;0;0;0.0405862;0.0405862;0;
661;0.00271601;0.932065;0.00692459;0.00271601;0;0;0;0.0405862;0.0405862;0;
662;0.00271599;0.932066;0.00692452;0.00271599;0;0;0;0.0405862;0.0405862;0;
663;0.00271597;0.932067;0.00692446;0.00271597;0;0;0;0.0405862;0.0405862;0;
664;0.00271595;0.932069;0.00692441;0.00271595;0;0;0;0.0405862;0.0405862;0;
665;0.00271594;0.93207;0.00692435;0.00271594;0;0;0;0.0405862;0.0405862;0;
666;0.00271592;0.932071;0.0069243;0.00271592;0;0;0;0.0405862;0.0405862;0;
667;0.0027159;0.932073;0.00692425;0.0027159;0;0;0;0.0405862;0.0405862;0;
668;0.00271589;0.932074;0.0069242;0.00271589;0;0;0;0.0405862;0.0405862;0;
669;0.00271587;0.932075;0.00692416;0.00271587;0;0;0;0.0405862;0.0405862;0;
670;0.00271586;0.932076;0.00692411;0.00271586;0;0;0;0.0405862;0.0405862;0;
671;0.00271585;0.932077;0.00692407;0.00271585;0;0;0;0.0405862;0.0405862;0;
672;0.00271584;0.932078;0.00692403;0.00271584;0;0;0;0.0405862;0.0405862;0;
673;0.00271582;0.932079;0.006924;0.00271582;0;0;0;0.0405862;0.0405862;0;
674;0.00271581;0.93208;0.00692396;0.00271581;0;0;0;0.0405862;0.0405862;0;
675;0.0027158;0.932081;0.00692393;0.0027158;0;0;0;0.0405862;0.0405862;0;
676;0.00271579;0.932082;0.0069239;0.00271579;0;0;0;0.0405862;0.0405862;0;
677;0.00271579;0.932083;0.00692387;0.00271579;0;0;0;0.0405862;0.0405862;0;
678;0.00271578;0.932084;0.00692384;0.00271578;0;0;0;0.0405862;0.0405862;0;
679;0.00271577;0.932085;0.00692382;0.00271577;0;0;0;0.0405862;0.0405862;0;
680;0.00271576;0.932086;0.0069238;0.00271576;0;0;0;0.0405862;0.0405862;0;
681;0.00271576;0.932087;0.00692377;0.00271576;0;0;0;0.0405862;0.0405862;0;
682;0.00271575;0.932087;0.00692375;0.00271575;0;0;0;0.0405862;0.0405862;0;
683;0.00271575;0.932088;0.00692373;0.00271575;0;0;0;0.0405862;0.0405862;0;
684;0.00271574;0.932089;0.00692372;0.00271574;0;0;0;0.0405862;0.0405862;0;
685;0.00271574;0.93209;0.0069237;0.00271574;0;0;0;0.0405862;0.0405862;0;
686;0.00271573;0.93209;0.00692369;0.00271573;0;0;0;0.0405862;0.0405862;0;
687;0.00271573;0.932091;0.00692367;0.00271573;0;0;0;0.0405862;0.0405862;0;
688;0.00271573;0.932092;0.00692366;0.00271573;0;0;0;0.0405862;0.0405862;0;
689;0.00271572;0.932092;0.00692365;0.00271572;0;0;0;0.0405862;0.0405862;0;
690;0.00271572;0.932093;0.00692364;0.00271572;0;0;0;0.0405862;0.0405862;0;
691;0.00271572;0.932093;0.00692363;0.00271572;0;0;0;0.0405862;0.0405862;0;
692;0.00271572;0.932094;0.00692363;0.00271572;0;0;0;0.0405862;0.0405862;0;
693;0.00271572;0.932094;0.00692362;0.00271572;0;0;0;0.0405862;0.0405862;0;
694;0.00271572;0.932095;0.00692361;0.00271572;0;0;0;0.0405862;0.0405862;0;
695;0.00271572;0.932095;0.00692361;0.00271572;0;0;0;0.0405862;0.0405862;0;
696;0.00271572;0.932096;0.00692361;0.00271572;0;0;0;0.0405862;0.0405862;0;
697;0.00271572;0.932096;0.0069236;0.00271572;0;0;0;0.0405862;0.0405862;0;
698;0.00271572;0.932097;0.0069236;0.00271572;0;0;0;0.0405862;0.0405862;0;
699;0.00271572;0.932097;0.0069236;0.00271572;0;0;0;0.0405862;0.0405862;0;
700;0.00271572;0.932098;0.0069236;0.00271572;0;0;0;0.0405862;0.0405862;0;
701;0.00271572;0.932098;0.0069236;0.00271572;0;0;0;0.0405862;0.0405862;0;
702;0.00271573;0.932098;0.00692361;0.00271573;0;0;0;0.0405862;0.0405862;0;
703;0.00271573;0.932099;0.00692361;0.00271573;0;0;0;0.0405862;0.0405862;0;
704;0.00271573;0.932099;0.00692361;0.00271573;0;0;0;0.0405862;0.0405862;0;
705;0.00271573;0.932099;0.00692362;0.00271573;0;0;0;0.0405862;0.0405862;0;
706;0.00271573;0.9321;0.00692362;0.00271573;0;0;0;0.0405862;0.0405862;0;
707;0.00271574;0.9321;0.00692363;0.00271574;0;0;0;0.0405862;0.0405862;0;
708;0.00271574;0.9321;0.00692363;0.00271574;0;0;0;0.0405862;0.0405862;0;
709;0.00271574;0.9321;0.00692364;0.00271574;0;0;0;0.0405862;0.0405862;0;
710;0.00271575;0.932101;0.00692364;0.00271575;0;0;0;0.0405862;0.0405862;0;
711;0.00271575;0.932101;0.00692365;0.00271575;0;0;0;0.0405862;0.0405862;0;
712;0.00271575;0.932101;0.00692366;0.00271575;0;0;0;0.0405862;0.0405862;0;
713;0.00271576;0.932101;0.00692367;0.00271576;0;0;0;0.0405862;0.0405862;0;
714;0.00271576;0.932101;0.00692368;0.00271576;0;0;0;0.0405862;0.0405862;0;
715;0.00271577;0.932102;0.00692368;0.00271577;0;0;0;0.0405862;0.0405862;0;
716;0.00271577;0.932102;0.00692369;0.00271577;0;0;0;0.0405862;0.0405862;0;
717;0.00271577;0.932102;0.0069237;0.00271577;0;0;0;0.0405862;0.0405862;0;
718;0.00271578;0.932102;0.00692371;0.00271578;0;0;0;0.0405862;0.0405862;0;
719;0.00271578;0.932102;0.00692372;0.00271578;0;0;0;0.0405862;0.0405862;0;
720;0.00271579;0.932102;0.00692373;0.00271579;0;0;0;0.0405862;0.0405862;0;
721;0.00271579;0.932102;0.00692374;0.00271579;0;0;0;0.0405862;0.0405862;0;
722;0.0027158;0.932103;0.00692376;0.0027158;0;0;0;0.0405862;0.0405862;0;
723;0.0027158;0.932103;0.00692377;0.0027158;0;0;0;0.0405862;0.0405862;0;
724;0.00271581;0.932103;0.00692378;0.00271581;0;0;0;0.0405862;0.0405862;0;
725;0.00271581;0.932103;0.00692379;0.00271581;0;0;0;0.0405862;0.0405862;0;
726;0.00271582;0.932103;0.0069238;0.00271582;0;0;0;0.0405862;0.0405862;0;
727;0.00271582;0.932103;0.00692381;0.00271582;0;0;0;0.0405862;0.0405862;0;
728;0.00271583;0.932103;0.00692383;0.00271583;0;0;0;0.0405862;0.0405862;0;
729;0.00271583;0.932103;0.00692384;0.00271583;0;0;0;0.0405862;0.0405862;0;
730;0.00271584;0.932103;0.00692385;0.00271584;0;0;0;0.0405862;0.0405862;0;
731;0.00271584;0.932103;0.00692386;0.00271584;0;0;0;0.0405862;0.0405862;0;
732;0.00271585;0.932103;0.00692388;0.00271585;0;0;0;0.0405862;0.0405862;0;
733;0.00271585;0.932103;0.00692389;0.00271585;0;0;0;0.0405862;0.0405862;0;
734;0.00271586;0.932103;0.0069239;0.00271586;0;0;0;0.0405862;0.0405862;0;
735;0.00271586;0.932103;0.00692391;0.00271586;0;0;0;0.0405862;0.0405862;0;
736;0.00271587;0.932103;0.00692393;0.00271587;0;0;0;0.0405862;0.0405862;0;
737;0.00271587;0.932103;0.00692394;0.00271587;0;0;0;0.0405862;0.0405862;0;
738;0.00271588;0.932103;0.00692395;0.00271588;0;0;0;0.0405862;0.0405862;0;
739;0.00271588;0.932103;0.00692396;0.00271588;0;0;0;0.0405862;0.0405862;0;
740;0.00271589;0.932103;0.00692398;0.00271589;0;0;0;0.0405862;0.0405862;0;
741;0.00271589;0.932103;0.00692399;0.00271589;0;0;0;0.0405862;0.0405862;0;
742;0.0027159;0.932103;0.006924;0.0027159;0;0;0;0.0405862;0.0405862;0;
743;0.0027159;0.932103;0.00692402;0.0027159;0;0;0;0.0405862;0.0405862;0;
744;0.00271591;0.932103;0.00692403;0.00271591;0;0;0;0.0405862;0.0405862;0;
745;0.00271591;0.932103;0.00692404;0.00271591;0;0;0;0.0405862;0.0405862;0;
746;0.00271592;0.932103;0.00692405;0.00271592;0;0;0;0.0405862;0.0405862;0;
747;0.00271592;0.932103;0.00692407;0.00271592;0;0;0;0.0405862;0.0405862;0;
748;0.00271592;0.932103;0.00692408;0.00271592;0;0;0;0.0405862;0.0405862;0;
749;0.00271593;0.932103;0.00692409;0.00271593;0;0;0;0.0405862;0.0405862;0;
750;0.00271593;0.932103;0.0069241;0.00271593;0;0;0;0.0405862;0.0405862;0;
751;0.00271594;0.932103;0.00692412;0.00271594;0;0;0;0.0405862;0.0405862;0;
752;0.00271594;0.932103;0.00692413;0.00271594;0;0;0;0.0405862;0.0405862;0;
753;0.00271595;0.932103;0.00692414;0.00271595;0;0;0;0.0405862;0.0405862;0;
754;0.00271595;0.932103;0.00692415;0.00271595;0;0;0;0.0405862;0.0405862;0;
755;0.00271596;0.932103;0.00692417;0.00271596;0;0;0;0.0405862;0.0405862;0;
756;0.00271596;0.932102;0.00692418;0.00271596;0;0;0;0.0405862;0.0405862;0;
757;0.00271597;0.932102;0.00692419;0.00271597;0;0;0;0.0405862;0.0405862;0;
758;0.00271597;0.932102;0.0069242;0.00271597;0;0;0;0.0405862;0.0405862;0;
759;0.00271598;0.932102;0.00692421;0.00271598;0;0;0;0.0405862;0.0405862;0;
760;0.00271598;0.932102;0.00692422;0.00271598;0;0;0;0.0405862;0.0405862;0;
761;0.00271598;0.932102;0.00692424;0.00271598;0;0;0;0.0405862;0.0405862;0;
762;0.00271599;0.932102;0.00692425;0.00271599;0;0;0;0.0405862;0.0405862;0;
763;0.00271599;0.932102;0.00692426;0.00271599;0;0;0;0.0405862;0.0405862;0;
764;0.002716;0.932102;0.00692427;0.002716;0;0;0;0.0405862;0.0405862;0;
765;0.002716;0.932102;0.00692428;0.002716;0;0;0;0.0405862;0.0405862;0;
766;0.002716;0.932102;0.00692429;0.002716;0;0;0;0.0405862;0.0405862;0;
767;0.00271601;0.932102;0.0069243;0.00271601;0;0;0;0.0405862;0.0405862;0;
768;0.00271601;0.932102;0.00692431;0.00271601;0;0;0;0.0405862;0.0405862;0;
769;0.00271602;0.932102;0.00692432;0.00271602;0;0;0;0.0405862;0.0405862;0;
770;0.00271602;0.932101;0.00692433;0.00271602;0;0;0;0.0405862;0.0405862;0;
771;0.00271602;0.932101;0.00692434;0.00271602;0;0;0;0.0405862;0.0405862;0;
772;0.00271603;0.932101;0.00692435;0.00271603;0;0;0;0.0405862;0.0405862;0;
773;0.00271603;0.932101;0.00692436;0.00271603;0;0;0;0.0405862;0.0405862;0;
774;0.00271603;0.932101;0.00692437;0.00271603;0;0;0;0.0405862;0.0405862;0;
775;0.00271604;0.932101;0.00692438;0.00271604;0;0;0;0.0405862;0.0405862;0;
776;0.00271604;0.932101;0.00692439;0.00271604;0;0;0;0.0405862;0.0405862;0;
777;0.00271604;0.932101;0.0069244;0.00271604;0;0;0;0.0405862;0.0405862;0;
778;0.00271605;0.932101;0.00692441;0.00271605;0;0;0;0.0405862;0.0405862;0;
779;0.00271605;0.932101;0.00692442;0.00271605;0;0;0;0.0405862;0.0405862;0;
780;0.00271605;0.932101;0.00692442;0.00271605;0;0;0;0.0405862;0.0405862;0;
781;0.00271606;0.932101;0.00692443;0.00271606;0;0;0;0.0405862;0.0405862;0;
782;0.00271606;0.9321;0.00692444;0.00271606;0;0;0;0.0405862;0.0405862;0;
783;0.00271606;0.9321;0.00692445;0.00271606;0;0;0;0.0405862;0.0405862;0;
784;0.00271607;0.9321;0.00692446;0.00271607;0;0;0;0.0405862;0.0405862;0;
785;0.00271607;0.9321;0.00692446;0.00271607;0;0;0;0.0405862;0.0405862;0;
786;0.00271607;0.9321;0.00692447;0.00271607;0;0;0;0.0405862;0.0405862;0;
787;0.00271607;0.9321;0.00692448;0.00271607;0;0;0;0.0405862;0.0405862;0;
788;0.00271608;0.9321;0.00692449;0.00271608;0;0;0;0.0405862;0.0405862;0;
789;0.00271608;0.9321;0.00692449;0.00271608;0;0;0;0.0405862;0.0405862;0;
790;0.00271608;0.9321;0.0069245;0.00271608;0;0;0;0.0405862;0.0405862;0;
791;0.00271608;0.9321;0.00692451;0.00271608;0;0;0;0.0405862;0.0405862;0;
792;0.00271609;0.9321;0.00692452;0.00271609;0;0;0;0.0405862;0.0405862;0;
793;0.00271609;0.9321;0.00692452;0.00271609;0;0;0;0.0405862;0.0405862;0;
794;0.00271609;0.9321;0.00692453;0.00271609;0;0;0;0.0405862;0.0405862;0;
795;0.00271609;0.932099;0.00692454;0.00271609;0;0;0;0.0405862;0.0405862;0;
796;0.0027161;0.932099;0.00692454;0.0027161;0;0;0;0.0405862;0.0405862;0;
797;0.0027161;0.932099;0.00692455;0.0027161;0;0;0;0.0405862;0.0405862;0;
798;0.0027161;0.932099;0.00692455;0.0027161;0;0;0;0.0405862;0.0405862;0;
799;0.0027161;0.932099;0.00692456;0.0027161;0;0;0;0.0405862;0.0405862;0;
800;0.0027161;0.932099;0.00692457;0.0027161;0;0;0;0.0405862;0.0405862;0;
801;0.00271611;0.932099;0.00692457;0.00271611;0;0;0;0.0405862;0.0405862;0;
802;0.00271611;0.932099;0.00692458;0.00271611;0;0;0;0.0405862;0.0405862;0;
803;0.00271611;0.932099;0.00692458;0.00271611;0;0;0;0.0405862;0.0405862;0;
804;0.00271611;0.932099;0.00692459;0.00271611;0;0;0;0.0405862;0.0405862;0;
805;0.00271611;0.932099;0.00692459;0.00271611;0;0;0;0.0405862;0.0405862;0;
806;0.00271612;0.932099;0.0069246;0.00271612;0;0;0;0.0405862;0.0405862;0;
807;0.00271612;0.932099;0.0069246;0.00271612;0;0;0;0.0405862;0.0405862;0;
808;0.00271612;0.932099;0.00692461;0.00271612;0;0;0;0.0405862;0.0405862;0;
809;0.00271612;0.932098;0.00692461;0.00271612;0;0;0;0.0405862;0.0405862;0;
810;0.00271612;0.932098;0.00692462;0.00271612;0;0;0;0.0405862;0.0405862;0;
811;0.00271612;0.932098;0.00692462;0.00271612;0;0;0;0.0405862;0.0405862;0;
812;0.00271613;0.932098;0.00692462;0.00271613;0;0;0;0.0405862;0.0405862;0;
813;0.00271613;0.932098;0.00692463;0.00271613;0;0;0;0.0405862;0.0405862;0;
814;0.00271613;0.932098;0.00692463;0.00271613;0;0;0;0.0405862;0.0405862;0;
815;0.00271613;0.932098;0.00692464;0.00271613;0;0;0;0.0405862;0.0405862;0;
816;0.00271613;0.932098;0.00692464;0.00271613;0;0;0;0.0405862;0.0405862;0;
817;0.00271613;0.932098;0.00692464;0.00271613;0;0;0;0.0405862;0.0405862;0;
818;0.00271613;0.932098;0.00692465;0.00271613;0;0;0;0.0405862;0.0405862;0;
819;0.00271614;0.932098;0.00692465;0.00271614;0;0;0;0.0405862;0.0405862;0;
820;0.00271614;0.932098;0.00692466;0.00271614;0;0;0;0.0405862;0.0405862;0;
821;0.00271614;0.932098;0.00692466;0.00271614;0;0;0;0.0405862;0.0405862;0;
822;0.00271614;0.932098;0.00692466;0.00271614;0;0;0;0.0405862;0.0405862;0;
823;0.00271614;0.932098;0.00692466;0.00271614;0;0;0;0.0405862;0.0405862;0;
824;0.00271614;0.932098;0.00692467;0.00271614;0;0;0;0.0405862;0.0405862;0;
825;0.00271614;0.932098;0.00692467;0.00271614;0;0;0;0.0405862;0.0405862;0;
826;0.00271614;0.932098;0.00692467;0.00271614;0;0;0;0.0405862;0.0405862;0;
827;0.00271614;0.932098;0.00692468;0.00271614;0;0;0;0.0405862;0.0405862;0;
828;0.00271614;0.932097;0.00692468;0.00271614;0;0;0;0.0405862;0.0405862;0;
829;0.00271615;0.932097;0.00692468;0.00271615;0;0;0;0.0405862;0.0405862;0;
830;0.00271615;0.932097;0.00692468;0.00271615;0;0;0;0.0405862;0.0405862;0;
831;0.00271615;0.932097;0.00692469;0.00271615;0;0;0;0.0405862;0.0405862;0;
832;0.00271615;0.932097;0.00692469;0.00271615;0;0;0;0.0405862;0.0405862;0;
833;0.00271615;0.932097;0.00692469;0.00271615;0;0;0;0.0405862;0.0405862;0;
834;0.00271615;0.932097;0.00692469;0.00271615;0;0;0;0.0405862;0.0405862;0;
835;0.00271615;0.932097;0.0069247;0.00271615;0;0;0;0.0405862;0.0405862;0;
836;0.00271615;0.932097;0.0069247;0.00271615;0;0;0;0.0405862;0.0405862;0;
837;0.00271615;0.932097;0.0069247;0.00271615;0;0;0;0.0405862;0.0405862;0;
838;0.00271615;0.932097;0.0069247;0.00271615;0;0;0;0.0405862;0.0405862;0;
839;0.00271615;0.932097;0.0069247;0.00271615;0;0;0;0.0405862;0.0405862;0;
840;0.00271615;0.932097;0.0069247;0.00271615;0;0;0;0.0405862;0.0405862;0;
841;0.00271615;0.932097;0.00692471;0.00271615;0;0;0;0.0405862;0.0405862;0;
842;0.00271615;0.932097;0.00692471;0.00271615;0;0;0;0.0405862;0.0405862;0;
843;0.00271615;0.932097;0.00692471;0.00271615;0;0;0;0.0405862;0.0405862;0;
844;0.00271616;0.932097;0.00692471;0.00271616;0;0;0;0.0405862;0.0405862;0;
845;0.00271616;0.932097;0.00692471;0.00271616;0;0;0;0.0405862;0.0405862;0;
846;0.00271616;0.932097;0.00692471;0.00271616;0;0;0;0.0405862;0.0405862;0;
847;0.00271616;0.932097;0.00692472;0.00271616;0;0;0;0.0405862;0.0405862;0;
848;0.00271616;0.932097;0.00692472;0.00271616;0;0;0;0.0405862;0.0405862;0;
849;0.00271616;0.932097;0.00692472;0.00271616;0;0;0;0.0405862;0.0405862;0;
850;0.00271616;0.932097;0.00692472;0.00271616;0;0;0;0.0405862;0.0405862;0;
851;0.00271616;0.932097;0.00692472;0.00271616;0;0;0;0.0405862;0.0405862;0;
852;0.00271616;0.932097;0.00692472;0.00271616;0;0;0;0.0405862;0.0405862;0;
853;0.00271616;0.932097;0.00692472;0.00271616;0;0;0;0.0405862;0.0405862;0;
854;0.00271616;0.932097;0.00692472;0.00271616;0;0;0;0.0405862;0.0405862;0;
855;0.00271616;0.932097;0.00692472;0.00271616;0;0;0;0.0405862;0.0405862;0;
856;0.00271616;0.932097;0.00692473;0.00271616;0;0;0;0.0405862;0.0405862;0;
857;0.00271616;0.932097;0.00692473;0.00271616;0;0;0;0.0405862;0.0405862;0;
858;0.00271616;0.932097;0.00692473;0.00271616;0;0;0;0.0405862;0.0405862;0;
859;0.00271616;0.932096;0.00692473;0.00271616;0;0;0;0.0405862;0.0405862;0;
860;0.00271616;0.932096;0.00692473;0.00271616;0;0;0;0.0405862;0.0405862;0;
861;0.00271616;0.932096;0.00692473;0.00271616;0;0;0;0.0405862;0.0405862;0;
862;0.00271616;0.932096;0.00692473;0.00271616;0;0;0;0.0405862;0.0405862;0;
863;0.00271616;0.932096;0.00692473;0.00271616;0;0;0;0.0405862;0.0405862;0;
864;0.00271616;0.932096;0.00692473;0.00271616;0;0;0;0.0405862;0.0405862;0;
865;0.00271616;0.932096;0.00692473;0.00271616;0;0;0;0.0405862;0.0405862;0;
866;0.00271616;0.932096;0.00692473;0.00271616;0;0;0;0.0405862;0.0405862;0;
867;0.00271616;0.932096;0.00692473;0.00271616;0;0;0;0.0405862;0.0405862;0;
868;0.00271616;0.932096;0.00692473;0.00271616;0;0;0;0.0405862;0.0405862;0;
869;0.00271616;0.932096;0.00692473;0.00271616;0;0;0;0.0405862;0.0405862;0;
870;0.00271616;0.932096;0.00692473;0.00271616;0;0;0;0.0405862;0.0405862;0;
871;0.00271616;0.932096;0.00692473;0.00271616;0;0;0;0.0405862;0.0405862;0;
872;0.00271616;0.932096;0.00692473;0.00271616;0;0;0;0.0405862;0.0405862;0;
873;0.00271616;0.932096;0.00692473;0.00271616;0;0;0;0.0405862;0.0405862;0;
874;0.00271616;0.932096;0.00692473;0.00271616;0;0;0;0.0405862;0.0405862;0;
875;0.00271616;0.932096;0.00692473;0.00271616;0;0;0;0.0405862;0.0405862;0;
876;0.00271616;0.932096;0.00692473;0.00271616;0;0;0;0.0405862;0.0405862;0;
877;0.00271616;0.932096;0.00692474;0.00271616;0;0;0;0.0405862;0.0405862;0;
878;0.00271616;0.932096;0.00692474;0.00271616;0;0;0;0.0405862;0.0405862;0;
879;0.00271616;0.932096;0.00692474;0.00271616;0;0;0;0.0405862;0.0405862;0;
880;0.00271616;0.932096;0.00692474;0.00271616;0;0;0;0.0405862;0.0405862;0;
881;0.00271616;0.932096;0.00692474;0.00271616;0;0;0;0.0405862;0.0405862;0;
882;0.00271616;0.932096;0.00692474;0.00271616;0;0;0;0.0405862;0.0405862;0;
883;0.00271616;0.932096;0.00692474;0.00271616;0;0;0;0.0405862;0.0405862;0;
884;0.00271616;0.932096;0.00692474;0.00271616;0;0;0;0.0405862;0.0405862;0;
885;0.00271616;0.932096;0.00692474;0.00271616;0;0;0;0.0405862;0.0405862;0;
886;0.00271616;0.932096;0.00692474;0.00271616;0;0;0;0.0405862;0.0405862;0;
887;0.00271616;0.932096;0.00692474;0.00271616;0;0;0;0.0405862;0.0405862;0;
888;0.00271616;0.932096;0.00692474;0.00271616;0;0;0;0.0405862;0.0405862;0;
889;0.00271616;0.932096;0.00692474;0.00271616;0;0;0;0.0405862;0.0405862;0;
890;0.00271616;0.932096;0.00692474;0.00271616;0;0;0;0.0405862;0.0405862;0;
891;0.00271616;0.932096;0.00692474;0.00271616;0;0;0;0.0405862;0.0405862;0;
892;0.00271616;0.932096;0.00692474;0.00271616;0;0;0;0.0405862;0.0405862;0;
893;0.00271616;0.932096;0.00692474;0.00271616;0;0;0;0.0405862;0.0405862;0;
894;0.00271616;0.932096;0.00692474;0.00271616;0;0;0;0.0405862;0.0405862;0;
895;0.00271616;0.932096;0.00692474;0.00271616;0;0;0;0.0405862;0.0405862;0;
896;0.00271616;0.932096;0.00692474;0.00271616;0;0;0;0.0405862;0.0405862;0;
897;0.00271616;0.932096;0.00692474;0.00271616;0;0;0;0.0405862;0.0405862;0;
898;0.00271616;0.932096;0.00692473;0.00271616;0;0;0;0.0405862;0.0405862;0;
899;0.00271616;0.932096;0.00692473;0.00271616;0;0;0;0.0405862;0.0405862;0;
900;0.00271616;0.932096;0.00692473;0.00271616;0;0;0;0.0405862;0.0405862;0;
901;0.00271616;0.932096;0.00692473;0.00271616;0;0;0;0.0405862;0.0405862;0;
902;0.00271616;0.932096;0.00692473;0.00271616;0;0;0;0.0405862;0.0405862;0;
903;0.00271616;0.932096;0.00692473;0.00271616;0;0;0;0.0405862;0.0405862;0;
904;0.00271616;0.932096;0.00692473;0.00271616;0;0;0;0.0405862;0.0405862;0;
905;0.00271616;0.932096;0.00692473;0.00271616;0;0;0;0.0405862;0.0405862;0;
906;0.00271616;0.932096;0.00692473;0.00271616;0;0;0;0.0405862;0.0405862;0;
907;0.00271616;0.932096;0.00692473;0.00271616;0;0;0;0.0405862;0.0405862;0;
908;0.00271616;0.932096;0.00692473;0.00271616;0;0;0;0.0405862;0.0405862;0;
909;0.00271616;0.932096;0.00692473;0.00271616;0;0;0;0.0405862;0.0405862;0;
910;0.00271616;0.932096;0.00692473;0.00271616;0;0;0;0.0405862;0.0405862;0;
911;0.00271616;0.932096;0.00692473;0.00271616;0;0;0;0.0405862;0.0405862;0;
912;0.00271616;0.932096;0.00692473;0.00271616;0;0;0;0.0405862;0.0405862;0;
913;0.00271616;0.932096;0.00692473;0.00271616;0;0;0;0.0405862;0.0405862;0;
914;0.00271616;0.932096;0.00692473;0.00271616;0;0;0;0.0405862;0.0405862;0;
915;0.00271616;0.932096;0.00692473;0.00271616;0;0;0;0.0405862;0.0405862;0;
916;0.00271616;0.932096;0.00692473;0.00271616;0;0;0;0.0405862;0.0405862;0;
917;0.00271616;0.932096;0.00692473;0.00271616;0;0;0;0.0405862;0.0405862;0;
918;0.00271616;0.932096;0.00692473;0.00271616;0;0;0;0.0405862;0.0405862;0;
919;0.00271616;0.932096;0.00692473;0.00271616;0;0;0;0.0405862;0.0405862;0;
920;0.00271616;0.932096;0.00692473;0.00271616;0;0;0;0.0405862;0.0405862;0;
921;0.00271616;0.932096;0.00692473;0.00271616;0;0;0;0.0405862;0.0405862;0;
922;0.00271616;0.932096;0.00692473;0.00271616;0;0;0;0.0405862;0.0405862;0;
923;0.00271616;0.932096;0.00692473;0.00271616;0;0;0;0.0405862;0.0405862;0;
924;0.00271616;0.932096;0.00692473;0.00271616;0;0;0;0.0405862;0.0405862;0;
925;0.00271616;0.932096;0.00692473;0.00271616;0;0;0;0.0405862;0.0405862;0;
926;0.00271616;0.932096;0.00692473;0.00271616;0;0;0;0.0405862;0.0405862;0;
927;0.00271616;0.932096;0.00692473;0.00271616;0;0;0;0.0405862;0.0405862;0;
928;0.00271616;0.932096;0.00692473;0.00271616;0;0;0;0.0405862;0.0405862;0;
929;0.00271616;0.932096;0.00692473;0.00271616;0;0;0;0.0405862;0.0405862;0;
930;0.00271616;0.932096;0.00692473;0.00271616;0;0;0;0.0405862;0.0405862;0;
931;0.00271616;0.932096;0.00692473;0.00271616;0;0;0;0.0405862;0.0405862;0;
932;0.00271616;0.932096;0.00692473;0.00271616;0;0;0;0.0405862;0.0405862;0;
933;0.00271616;0.932096;0.00692473;0.00271616;0;0;0;0.0405862;0.0405862;0;
934;0.00271616;0.932096;0.00692473;0.00271616;0;0;0;0.0405862;0.0405862;0;
935;0.00271616;0.932096;0.00692473;0.00271616;0;0;0;0.0405862;0.0405862;0;
936;0.00271616;0.932096;0.00692473;0.00271616;0;0;0;0.0405862;0.0405862;0;
937;0.00271616;0.932096;0.00692473;0.00271616;0;0;0;0.0405862;0.0405862;0;
938;0.00271616;0.932096;0.00692473;0.00271616;0;0;0;0.0405862;0.0405862;0;
939;0.00271616;0.932096;0.00692473;0.00271616;0;0;0;0.0405862;0.0405862;0;
940;0.00271616;0.932096;0.00692473;0.00271616;0;0;0;0.0405862;0.0405862;0;
941;0.00271616;0.932096;0.00692473;0.00271616;0;0;0;0.0405862;0.0405862;0;
942;0.00271616;0.932096;0.00692473;0.00271616;0;0;0;0.0405862;0.0405862;0;
943;0.00271616;0.932096;0.00692472;0.00271616;0;0;0;0.0405862;0.0405862;0;
944;0.00271616;0.932096;0.00692472;0.00271616;0;0;0;0.0405862;0.0405862;0;
945;0.00271616;0.932096;0.00692472;0.00271616;0;0;0;0.0405862;0.0405862;0;
946;0.00271616;0.932096;0.00692472;0.00271616;0;0;0;0.0405862;0.0405862;0;
947;0.00271616;0.932096;0.00692472;0.00271616;0;0;0;0.0405862;0.0405862;0;
948;0.00271616;0.932096;0.00692472;0.00271616;0;0;0;0.0405862;0.0405862;0;
949;0.00271616;0.932096;0.00692472;0.00271616;0;0;0;0.0405862;0.0405862;0;
950;0.00271616;0.932096;0.00692472;0.00271616;0;0;0;0.0405862;0.0405862;0;
951;0.00271616;0.932096;0.00692472;0.00271616;0;0;0;0.0405862;0.0405862;0;
952;0.00271616;0.932096;0.00692472;0.00271616;0;0;0;0.0405862;0.0405862;0;
953;0.00271616;0.932096;0.00692472;0.00271616;0;0;0;0.0405862;0.0405862;0;
954;0.00271616;0.932096;0.00692472;0.00271616;0;0;0;0.0405862;0.0405862;0;
955;0.00271616;0.932096;0.00692472;0.00271616;0;0;0;0.0405862;0.0405862;0;
956;0.00271616;0.932096;0.00692472;0.00271616;0;0;0;0.0405862;0.0405862;0;
957;0.00271616;0.932096;0.00692472;0.00271616;0;0;0;0.0405862;0.0405862;0;
958;0.00271616;0.932096;0.00692472;0.00271616;0;0;0;0.0405862;0.0405862;0;
959;0.00271616;0.932096;0.00692472;0.00271616;0;0;0;0.0405862;0.0405862;0;
960;0.00271616;0.932096;0.00692472;0.00271616;0;0;0;0.0405862;0.0405862;0;
961;0.00271616;0.932096;0.00692472;0.00271616;0;0;0;0.0405862;0.0405862;0;
962;0.00271616;0.932096;0.00692472;0.00271616;0;0;0;0.0405862;0.0405862;0;
963;0.00271616;0.932096;0.00692472;0.00271616;0;0;0;0.0405862;0.0405862;0;
964;0.00271616;0.932096;0.00692472;0.00271616;0;0;0;0.0405862;0.0405862;0;
965;0.00271616;0.932096;0.00692472;0.00271616;0;0;0;0.0405862;0.0405862;0;
966;0.00271616;0.932096;0.00692472;0.00271616;0;0;0;0.0405862;0.0405862;0;
967;0.00271616;0.932096;0.00692472;0.00271616;0;0;0;0.0405862;0.0405862;0;
968;0.00271616;0.932096;0.00692472;0.00271616;0;0;0;0.0405862;0.0405862;0;
969;0.00271616;0.932096;0.00692472;0.00271616;0;0;0;0.0405862;0.0405862;0;
970;0.00271616;0.932096;0.00692472;0.00271616;0;0;0;0.0405862;0.0405862;0;
971;0.00271616;0.932096;0.00692472;0.00271616;0;0;0;0.0405862;0.0405862;0;
972;0.00271616;0.932096;0.00692472;0.00271616;0;0;0;0.0405862;0.0405862;0;
973;0.00271616;0.932096;0.00692472;0.00271616;0;0;0;0.0405862;0.0405862;0;
974;0.00271616;0.932096;0.00692472;0.00271616;0;0;0;0.0405862;0.0405862;0;
975;0.00271616;0.932096;0.00692472;0.00271616;0;0;0;0.0405862;0.0405862;0;
976;0.00271616;0.932096;0.00692472;0.00271616;0;0;0;0.0405862;0.0405862;0;
977;0.00271616;0.932096;0.00692472;0.00271616;0;0;0;0.0405862;0.0405862;0;
978;0.00271616;0.932096;0.00692472;0.00271616;0;0;0;0.0405862;0.0405862;0;
979;0.00271616;0.932096;0.00692472;0.00271616;0;0;0;0.0405862;0.0405862;0;
980;0.00271616;0.932096;0.00692472;0.00271616;0;0;0;0.0405862;0.0405862;0;
981;0.00271616;0.932096;0.00692472;0.00271616;0;0;0;0.0405862;0.0405862;0;
982;0.00271616;0.932096;0.00692472;0.00271616;0;0;0;0.0405862;0.0405862;0;
983;0.00271616;0.932096;0.00692472;0.00271616;0;0;0;0.0405862;0.0405862;0;
984;0.00271616;0.932096;0.00692472;0.00271616;0;0;0;0.0405862;0.0405862;0;
985;0.00271616;0.932096;0.00692472;0.00271616;0;0;0;0.0405862;0.0405862;0;
986;0.00271616;0.932096;0.00692472;0.00271616;0;0;0;0.0405862;0.0405862;0;
987;0.00271616;0.932096;0.00692472;0.00271616;0;0;0;0.0405862;0.0405862;0;
988;0.00271616;0.932096;0.00692472;0.00271616;0;0;0;0.0405862;0.0405862;0;
989;0.00271616;0.932096;0.00692472;0.00271616;0;0;0;0.0405862;0.0405862;0;
990;0.00271616;0.932096;0.00692472;0.00271616;0;0;0;0.0405862;0.0405862;0;
991;0.00271616;0.932096;0.00692472;0.00271616;0;0;0;0.0405862;0.0405862;0;
992;0.00271616;0.932096;0.00692472;0.00271616;0;0;0;0.0405862;0.0405862;0;
993;0.00271616;0.932096;0.00692472;0.00271616;0;0;0;0.0405862;0.0405862;0;
994;0.00271616;0.932096;0.00692472;0.00271616;0;0;0;0.0405862;0.0405862;0;
995;0.00271616;0.932096;0.00692472;0.00271616;0;0;0;0.0405862;0.0405862;0;
996;0.00271616;0.932096;0.00692472;0.00271616;0;0;0;0.0405862;0.0405862;0;
997;0.00271616;0.932096;0.00692472;0.00271616;0;0;0;0.0405862;0.0405862;0;
998;0.00271616;0.932096;0.00692472;0.00271616;0;0;0;0.0405862;0.0405862;0;
999;0.00271616;0.932096;0.00692472;0.00271616;0;0;0;0.0405862;0.0405862;0;
1000;0.00271616;0.932096;0.00692472;0.00271616;0;0;0;0.0405862;0.0405862;0;
1001;0.00271616;0.932096;0.00692472;0.00271616;0;0;0;0.0405862;0.0405862;0;
1002;0.00271615;0.932096;0.00692472;0.00271615;0;0;0;0.0405862;0.0405862;0;
1003;0.00271615;0.932096;0.00692472;0.00271615;0;0;0;0.0405862;0.0405862;0;
1004;0.00271615;0.932096;0.00692472;0.00271615;0;0;0;0.0405862;0.0405862;0;
1005;0.00271615;0.932096;0.00692472;0.00271615;0;0;0;0.0405862;0.0405862;0;
1006;0.00271615;0.932096;0.00692472;0.00271615;0;0;0;0.0405862;0.0405862;0;
1007;0.00271615;0.932096;0.00692472;0.00271615;0;0;0;0.0405862;0.0405862;0;
1008;0.00271615;0.932096;0.00692472;0.00271615;0;0;0;0.0405862;0.0405862;0;
1009;0.00271615;0.932096;0.00692472;0.00271615;0;0;0;0.0405862;0.0405862;0;
1010;0.00271615;0.932096;0.00692472;0.00271615;0;0;0;0.0405862;0.0405862;0;
1011;0.00271615;0.932096;0.00692472;0.00271615;0;0;0;0.0405862;0.0405862;0;
1012;0.00271615;0.932096;0.00692472;0.00271615;0;0;0;0.0405862;0.0405862;0;
1013;0.00271615;0.932096;0.00692472;0.00271615;0;0;0;0.0405862;0.0405862;0;
1014;0.00271615;0.932096;0.00692472;0.00271615;0;0;0;0.0405862;0.0405862;0;
1015;0.00271615;0.932096;0.00692472;0.00271615;0;0;0;0.0405862;0.0405862;0;
1016;0.00271615;0.932096;0.00692472;0.00271615;0;0;0;0.0405862;0.0405862;0;
1017;0.00271615;0.932096;0.00692472;0.00271615;0;0;0;0.0405862;0.0405862;0;
1018;0.00271615;0.932096;0.00692471;0.00271615;0;0;0;0.0405862;0.0405862;0;
1019;0.00271615;0.932096;0.00692471;0.00271615;0;0;0;0.0405862;0.0405862;0;
1020;0.00271615;0.932096;0.00692471;0.00271615;0;0;0;0.0405862;0.0405862;0;
1021;0.00271615;0.932096;0.00692471;0.00271615;0;0;0;0.0405862;0.0405862;0;
1022;0.00271615;0.932096;0.00692471;0.00271615;0;0;0;0.0405862;0.0405862;0;
1023;0.00271615;0.932096;0.00692471;0.00271615;0;0;0;0.0405862;0.0405862;0;
1024;0.00271615;0.932096;0.00692471;0.00271615;0;0;0;0.0405862;0.0405862;0;
1025;0.00271615;0.932096;0.00692471;0.00271615;0;0;0;0.0405862;0.0405862;0;
1026;0.00271615;0.932096;0.00692471;0.00271615;0;0;0;0.0405862;0.0405862;0;
1027;0.00271615;0.932096;0.00692471;0.00271615;0;0;0;0.0405862;0.0405862;0;
1028;0.00271615;0.932096;0.00692471;0.00271615;0;0;0;0.0405862;0.0405862;0;
1029;0.00271615;0.932096;0.00692471;0.00271615;0;0;0;0.0405862;0.0405862;0;
1030;0.00271615;0.932096;0.00692471;0.00271615;0;0;0;0.0405862;0.0405862;0;
1031;0.00271615;0.932096;0.00692471;0.00271615;0;0;0;0.0405862;0.0405862;0;
1032;0.00271615;0.932096;0.00692471;0.00271615;0;0;0;0.0405862;0.0405862;0;
1033;0.00271615;0.932096;0.00692471;0.00271615;0;0;0;0.0405862;0.0405862;0;
1034;0.00271615;0.932096;0.00692471;0.00271615;0;0;0;0.0405862;0.0405862;0;
1035;0.00271615;0.932096;0.00692471;0.00271615;0;0;0;0.0405862;0.0405862;0;
1036;0.00271615;0.932096;0.00692471;0.00271615;0;0;0;0.0405862;0.0405862;0;
1037;0.00271615;0.932096;0.00692471;0.00271615;0;0;0;0.0405862;0.0405862;0;
1038;0.00271615;0.932096;0.00692471;0.00271615;0;0;0;0.0405862;0.0405862;0;
1039;0.00271615;0.932096;0.00692471;0.00271615;0;0;0;0.0405862;0.0405862;0;
1040;0.00271615;0.932096;0.00692471;0.00271615;0;0;0;0.0405862;0.0405862;0;
1041;0.00271615;0.932096;0.00692471;0.00271615;0;0;0;0.0405862;0.0405862;0;
1042;0.00271615;0.932096;0.00692471;0.00271615;0;0;0;0.0405862;0.0405862;0;
1043;0.00271615;0.932096;0.00692471;0.00271615;0;0;0;0.0405862;0.0405862;0;
1044;0.00271615;0.932096;0.00692471;0.00271615;0;0;0;0.0405862;0.0405862;0;
1045;0.00271615;0.932096;0.00692471;0.00271615;0;0;0;0.0405862;0.0405862;0;
1046;0.00271615;0.932096;0.00692471;0.00271615;0;0;0;0.0405862;0.0405862;0;
1047;0.00271615;0.932096;0.00692471;0.00271615;0;0;0;0.0405862;0.0405862;0;
1048;0.00271615;0.932096;0.00692471;0.00271615;0;0;0;0.0405862;0.0405862;0;
1049;0.00271615;0.932096;0.00692471;0.00271615;0;0;0;0.0405862;0.0405862;0;
1050;0.00271615;0.932096;0.00692471;0.00271615;0;0;0;0.0405862;0.0405862;0;
1051;0.00271615;0.932096;0.00692471;0.00271615;0;0;0;0.0405862;0.0405862;0;
1052;0.00271615;0.932096;0.00692471;0.00271615;0;0;0;0.0405862;0.0405862;0;
1053;0.00271615;0.932096;0.00692471;0.00271615;0;0;0;0.0405862;0.0405862;0;
1054;0.00271615;0.932096;0.00692471;0.00271615;0;0;0;0.0405862;0.0405862;0;
1055;0.00271615;0.932096;0.00692471;0.00271615;0;0;0;0.0405862;0.0405862;0;
1056;0.00271615;0.932096;0.00692471;0.00271615;0;0;0;0.0405862;0.0405862;0;
1057;0.00271615;0.932096;0.00692471;0.00271615;0;0;0;0.0405862;0.0405862;0;
1058;0.00271615;0.932096;0.00692471;0.00271615;0;0;0;0.0405862;0.0405862;0;
1059;0.00271615;0.932096;0.00692471;0.00271615;0;0;0;0.0405862;0.0405862;0;
1060;0.00271615;0.932096;0.00692471;0.00271615;0;0;0;0.0405862;0.0405862;0;
1061;0.00271615;0.932096;0.00692471;0.00271615;0;0;0;0.0405862;0.0405862;0;
1062;0.00271615;0.932096;0.00692471;0.00271615;0;0;0;0.0405862;0.0405862;0;
1063;0.00271615;0.932096;0.00692471;0.00271615;0;0;0;0.0405862;0.0405862;0;
1064;0.00271615;0.932096;0.00692471;0.00271615;0;0;0;0.0405862;0.0405862;0;
1065;0.00271615;0.932096;0.00692471;0.00271615;0;0;0;0.0405862;0.0405862;0;
1066;0.00271615;0.932096;0.00692471;0.00271615;0;0;0;0.0405862;0.0405862;0;
1067;0.00271615;0.932096;0.00692471;0.00271615;0;0;0;0.0405862;0.0405862;0;
1068;0.00271615;0.932096;0.00692471;0.00271615;0;0;0;0.0405862;0.0405862;0;
1069;0.00271615;0.932096;0.00692471;0.00271615;0;0;0;0.0405862;0.0405862;0;
1070;0.00271615;0.932096;0.00692471;0.00271615;0;0;0;0.0405862;0.0405862;0;
1071;0.00271615;0.932096;0.00692471;0.00271615;0;0;0;0.0405862;0.0405862;0;
1072;0.00271615;0.932096;0.00692471;0.00271615;0;0;0;0.0405862;0.0405862;0;
1073;0.00271615;0.932096;0.00692471;0.00271615;0;0;0;0.0405862;0.0405862;0;
1074;0.00271615;0.932096;0.00692471;0.00271615;0;0;0;0.0405862;0.0405862;0;
1075;0.00271615;0.932096;0.00692471;0.00271615;0;0;0;0.0405862;0.0405862;0;
1076;0.00271615;0.932096;0.00692471;0.00271615;0;0;0;0.0405862;0.0405862;0;
1077;0.00271615;0.932096;0.00692471;0.00271615;0;0;0;0.0405862;0.0405862;0;
1078;0.00271615;0.932096;0.00692471;0.00271615;0;0;0;0.0405862;0.0405862;0;
1079;0.00271615;0.932096;0.00692471;0.00271615;0;0;0;0.0405862;0.0405862;0;
1080;0.00271615;0.932096;0.00692471;0.00271615;0;0;0;0.0405862;0.0405862;0;
1081;0.00271615;0.932096;0.00692471;0.00271615;0;0;0;0.0405862;0.0405862;0;
1082;0.00271615;0.932096;0.00692471;0.00271615;0;0;0;0.0405862;0.0405862;0;
1083;0.00271615;0.932096;0.00692471;0.00271615;0;0;0;0.0405862;0.0405862;0;
1084;0.00271615;0.932096;0.00692471;0.00271615;0;0;0;0.0405862;0.0405862;0;
1085;0.00271615;0.932096;0.00692471;0.00271615;0;0;0;0.0405862;0.0405862;0;
1086;0.00271615;0.932096;0.00692471;0.00271615;0;0;0;0.0405862;0.0405862;0;
1087;0.00271615;0.932096;0.00692471;0.00271615;0;0;0;0.0405862;0.0405862;0;
1088;0.00271615;0.932096;0.00692471;0.00271615;0;0;0;0.0405862;0.0405862;0;
1089;0.00271615;0.932096;0.00692471;0.00271615;0;0;0;0.0405862;0.0405862;0;
1090;0.00271615;0.932096;0.00692471;0.00271615;0;0;0;0.0405862;0.0405862;0;
1091;0.00271615;0.932096;0.00692471;0.00271615;0;0;0;0.0405862;0.0405862;0;
1092;0.00271615;0.932096;0.00692471;0.00271615;0;0;0;0.0405862;0.0405862;0;
1093;0.00271615;0.932096;0.00692471;0.00271615;0;0;0;0.0405862;0.0405862;0;
1094;0.00271615;0.932096;0.00692471;0.00271615;0;0;0;0.0405862;0.0405862;0;
1095;0.00271615;0.932096;0.00692471;0.00271615;0;0;0;0.0405862;0.0405862;0;
1096;0.00271615;0.932096;0.00692471;0.00271615;0;0;0;0.0405862;0.0405862;0;
1097;0.00271615;0.932096;0.00692471;0.00271615;0;0;0;0.0405862;0.0405862;0;
1098;0.00271615;0.932096;0.00692471;0.00271615;0;0;0;0.0405862;0.0405862;0;
1099;0.00271615;0.932096;0.00692471;0.00271615;0;0;0;0.0405862;0.0405862;0;
1100;0.00271615;0.932096;0.00692471;0.00271615;0;0;0;0.0405862;0.0405862;0;
1101;0.00271615;0.932096;0.00692471;0.00271615;0;0;0;0.0405862;0.0405862;0;
1102;0.00271615;0.932096;0.00692471;0.00271615;0;0;0;0.0405862;0.0405862;0;
1103;0.00271615;0.932096;0.00692471;0.00271615;0;0;0;0.0405862;0.0405862;0;
1104;0.00271615;0.932096;0.00692471;0.00271615;0;0;0;0.0405862;0.0405862;0;
1105;0.00271615;0.932096;0.00692471;0.00271615;0;0;0;0.0405862;0.0405862;0;
1106;0.00271615;0.932096;0.00692471;0.00271615;0;0;0;0.0405862;0.0405862;0;
1107;0.00271615;0.932096;0.00692471;0.00271615;0;0;0;0.0405862;0.0405862;0;
1108;0.00271615;0.932096;0.00692471;0.00271615;0;0;0;0.0405862;0.0405862;0;
1109;0.00271615;0.932096;0.00692471;0.00271615;0;0;0;0.0405862;0.0405862;0;
1110;0.00271615;0.932096;0.00692471;0.00271615;0;0;0;0.0405862;0.0405862;0;
1111;0.00271615;0.932096;0.00692471;0.00271615;0;0;0;0.0405862;0.0405862;0;
1112;0.00271615;0.932096;0.00692471;0.00271615;0;0;0;0.0405862;0.0405862;0;
1113;0.00271615;0.932096;0.00692471;0.00271615;0;0;0;0.0405862;0.0405862;0;
1114;0.00271615;0.932096;0.00692471;0.00271615;0;0;0;0.0405862;0.0405862;0;
1115;0.00271615;0.932096;0.00692471;0.00271615;0;0;0;0.0405862;0.0405862;0;
1116;0.00271615;0.932096;0.00692471;0.00271615;0;0;0;0.0405862;0.0405862;0;
1117;0.00271615;0.932096;0.00692471;0.00271615;0;0;0;0.0405862;0.0405862;0;
1118;0.00271615;0.932096;0.00692471;0.00271615;0;0;0;0.0405862;0.0405862;0;
1119;0.00271615;0.932096;0.00692471;0.00271615;0;0;0;0.0405862;0.0405862;0;
1120;0.00271615;0.932096;0.00692471;0.00271615;0;0;0;0.0405862;0.0405862;0;
1121;0.00271615;0.932096;0.00692471;0.00271615;0;0;0;0.0405862;0.0405862;0;
1122;0.00271615;0.932096;0.00692471;0.00271615;0;0;0;0.0405862;0.0405862;0;
1123;0.00271615;0.932096;0.00692471;0.00271615;0;0;0;0.0405862;0.0405862;0;
1124;0.00271615;0.932096;0.00692471;0.00271615;0;0;0;0.0405862;0.0405862;0;
1125;0.00271615;0.932096;0.00692471;0.00271615;0;0;0;0.0405862;0.0405862;0;
1126;0.00271615;0.932096;0.00692471;0.00271615;0;0;0;0.0405862;0.0405862;0;
1127;0.00271615;0.932096;0.00692471;0.00271615;0;0;0;0.0405862;0.0405862;0;
1128;0.00271615;0.932096;0.00692471;0.00271615;0;0;0;0.0405862;0.0405862;0;
1129;0.00271615;0.932096;0.00692471;0.00271615;0;0;0;0.0405862;0.0405862;0;
1130;0.00271615;0.932096;0.00692471;0.00271615;0;0;0;0.0405862;0.0405862;0;
1131;0.00271615;0.932096;0.00692471;0.00271615;0;0;0;0.0405862;0.0405862;0;
1132;0.00271615;0.932096;0.00692471;0.00271615;0;0;0;0.0405862;0.0405862;0;
1133;0.00271615;0.932096;0.00692471;0.00271615;0;0;0;0.0405862;0.0405862;0;
1134;0.00271615;0.932096;0.00692471;0.00271615;0;0;0;0.0405862;0.0405862;0;
1135;0.00271615;0.932096;0.00692471;0.00271615;0;0;0;0.0405862;0.0405862;0;
1136;0.00271615;0.932096;0.00692471;0.00271615;0;0;0;0.0405862;0.0405862;0;
1137;0.00271615;0.932096;0.00692471;0.00271615;0;0;0;0.0405862;0.0405862;0;
1138;0.00271615;0.932096;0.00692471;0.00271615;0;0;0;0.0405862;0.0405862;0;
1139;0.00271615;0.932096;0.00692471;0.00271615;0;0;0;0.0405862;0.0405862;0;
1140;0.00271615;0.932096;0.00692471;0.00271615;0;0;0;0.0405862;0.0405862;0;
1141;0.00271615;0.932096;0.00692471;0.00271615;0;0;0;0.0405862;0.0405862;0;
1142;0.00271615;0.932096;0.00692471;0.00271615;0;0;0;0.0405862;0.0405862;0;
1143;0.00271615;0.932096;0.00692471;0.00271615;0;0;0;0.0405862;0.0405862;0;
1144;0.00271615;0.932096;0.00692471;0.00271615;0;0;0;0.0405862;0.0405862;0;
1145;0.00271615;0.932096;0.00692471;0.00271615;0;0;0;0.0405862;0.0405862;0;
1146;0.00271615;0.932096;0.00692471;0.00271615;0;0;0;0.0405862;0.0405862;0;
1147;0.00271615;0.932096;0.00692471;0.00271615;0;0;0;0.0405862;0.0405862;0;
1148;0.00271615;0.932096;0.00692471;0.00271615;0;0;0;0.0405862;0.0405862;0;
1149;0.00271615;0.932096;0.00692471;0.00271615;0;0;0;0.0405862;0.0405862;0;
1150;0.00271615;0.932096;0.00692471;0.00271615;0;0;0;0.0405862;0.0405862;0;
1151;0.00271615;0.932096;0.00692471;0.00271615;0;0;0;0.0405862;0.0405862;0;
1152;0.00271615;0.932096;0.00692471;0.00271615;0;0;0;0.0405862;0.0405862;0;
1153;0.00271615;0.932096;0.00692471;0.00271615;0;0;0;0.0405862;0.0405862;0;
1154;0.00271615;0.932096;0.00692471;0.00271615;0;0;0;0.0405862;0.0405862;0;
1155;0.00271615;0.932096;0.00692471;0.00271615;0;0;0;0.0405862;0.0405862;0;
1156;0.00271615;0.932096;0.00692471;0.00271615;0;0;0;0.0405862;0.0405862;0;
1157;0.00271615;0.932096;0.00692471;0.00271615;0;0;0;0.0405862;0.0405862;0;
1158;0.00271615;0.932096;0.00692471;0.00271615;0;0;0;0.0405862;0.0405862;0;
1159;0.00271615;0.932096;0.00692471;0.00271615;0;0;0;0.0405862;0.0405862;0;
1160;0.00271615;0.932096;0.00692471;0.00271615;0;0;0;0.0405862;0.0405862;0;
1161;0.00271615;0.932096;0.00692471;0.00271615;0;0;0;0.0405862;0.0405862;0;
1162;0.00271615;0.932096;0.00692471;0.00271615;0;0;0;0.0405862;0.0405862;0;
1163;0.00271615;0.932096;0.00692471;0.00271615;0;0;0;0.0405862;0.0405862;0;
1164;0.00271615;0.932096;0.00692471;0.00271615;0;0;0;0.0405862;0.0405862;0;
1165;0.00271615;0.932096;0.00692471;0.00271615;0;0;0;0.0405862;0.0405862;0;
1166;0.00271615;0.932096;0.00692471;0.00271615;0;0;0;0.0405862;0.0405862;0;
1167;0.00271615;0.932096;0.00692471;0.00271615;0;0;0;0.0405862;0.0405862;0;
1168;0.00271615;0.932096;0.00692471;0.00271615;0;0;0;0.0405862;0.0405862;0;
1169;0.00271615;0.932096;0.00692471;0.00271615;0;0;0;0.0405862;0.0405862;0;
1170;0.00271615;0.932096;0.00692471;0.00271615;0;0;0;0.0405862;0.0405862;0;
1171;0.00271615;0.932096;0.00692471;0.00271615;0;0;0;0.0405862;0.0405862;0;
1172;0.00271615;0.932096;0.00692471;0.00271615;0;0;0;0.0405862;0.0405862;0;
1173;0.00271615;0.932096;0.00692471;0.00271615;0;0;0;0.0405862;0.0405862;0;
1174;0.00271615;0.932096;0.00692471;0.00271615;0;0;0;0.0405862;0.0405862;0;
1175;0.00271615;0.932096;0.00692471;0.00271615;0;0;0;0.0405862;0.0405862;0;
1176;0.00271615;0.932096;0.00692471;0.00271615;0;0;0;0.0405862;0.0405862;0;
1177;0.00271615;0.932096;0.00692471;0.00271615;0;0;0;0.0405862;0.0405862;0;
1178;0.00271615;0.932096;0.00692471;0.00271615;0;0;0;0.0405862;0.0405862;0;
1179;0.00271615;0.932096;0.00692471;0.00271615;0;0;0;0.0405862;0.0405862;0;
1180;0.00271615;0.932096;0.00692471;0.00271615;0;0;0;0.0405862;0.0405862;0;
1181;0.00271615;0.932096;0.00692471;0.00271615;0;0;0;0.0405862;0.0405862;0;
1182;0.00271615;0.932096;0.00692471;0.00271615;0;0;0;0.0405862;0.0405862;0;
1183;0.00271615;0.932096;0.00692471;0.00271615;0;0;0;0.0405862;0.0405862;0;
1184;0.00271615;0.932096;0.00692471;0.00271615;0;0;0;0.0405862;0.0405862;0;
1185;0.00271615;0.932096;0.00692471;0.00271615;0;0;0;0.0405862;0.0405862;0;
1186;0.00271615;0.932096;0.00692471;0.00271615;0;0;0;0.0405862;0.0405862;0;
1187;0.00271615;0.932096;0.00692471;0.00271615;0;0;0;0.0405862;0.0405862;0;
1188;0.00271615;0.932096;0.00692471;0.00271615;0;0;0;0.0405862;0.0405862;0;
1189;0.00271615;0.932096;0.00692471;0.00271615;0;0;0;0.0405862;0.0405862;0;
1190;0.00271615;0.932096;0.00692471;0.00271615;0;0;0;0.0405862;0.0405862;0;
1191;0.00271615;0.932096;0.00692471;0.00271615;0;0;0;0.0405862;0.0405862;0;
1192;0.00271615;0.932096;0.00692471;0.00271615;0;0;0;0.0405862;0.0405862;0;
1193;0.00271615;0.932096;0.00692471;0.00271615;0;0;0;0.0405862;0.0405862;0;
1194;0.00271615;0.932096;0.00692471;0.00271615;0;0;0;0.0405862;0.0405862;0;
1195;0.00271615;0.932096;0.00692471;0.00271615;0;0;0;0.0405862;0.0405862;0;
1196;0.00271615;0.932096;0.00692471;0.00271615;0;0;0;0.0405862;0.0405862;0;
1197;0.00271615;0.932096;0.00692471;0.00271615;0;0;0;0.0405862;0.0405862;0;
1198;0.00271615;0.932096;0.00692471;0.00271615;0;0;0;0.0405862;0.0405862;0;
1199;0.00271615;0.932096;0.00692471;0.00271615;0;0;0;0.0405862;0.0405862;0;
1200;0.00271615;0.932096;0.00692471;0.00271615;0;0;0;0.0405862;0.0405862;0;
