day eternity:600 replacement_initial_a:0.06 replacement_final_a:0 number_of_contact_events_per_day:20 pre_active_state_duration_1:3 pre_active_state_duration_2:3 active_state_duration_1:4 active_state_duration_2:0 transmission_probability_1_a:0.12 transmission_probability_2_a:0 days before configuration switch: 0 replacement_initial_b:0 replacement_final_b:0 transmission_probability_1_b:0 transmission_probability_2_b:0;;;;;;;;;;
day; p_triggered; p_initial; p_active_1; p_triggered_1; p_active_2; p_triggered_2; strain2%; max_triggered; max_triggered_1; max_triggered_2
1;0;1;0;0;0;0;0;0;0;0
2;0.000187363;0.999813;7,81E+00;0.000187363;0;0;0;0.000187363;0.000187363;0
3;0.00036339;0.99946;0.000151465;0.00036339;0;0;0;0.00036339;0.00036339;0
4;0.000528684;0.998964;0.000220452;0.000528684;0;0;0;0.000528684;0.000528684;0
5;0.000496739;0.99853;0.000207225;0.000496739;0;0;0;0.000528684;0.000528684;0
6;0.00067114;0.997947;0.000280118;0.00067114;0;0;0;0.00067114;0.00067114;0
7;0.00116367;0.996906;0.000486071;0.00116367;0;0;0;0.00116367;0.00116367;0
8;0.0019335;0.995158;0.000808719;0.0019335;0;0;0;0.0019335;0.0019335;0
9;0.00273913;0.99271;0.00114802;0.00273913;0;0;0;0.00273913;0.00273913;0
10;0.00354291;0.989604;0.00148892;0.00354291;0;0;0;0.00354291;0.00354291;0
11;0.00494716;0.985281;0.00208661;0.00494716;0;0;0;0.00494716;0.00494716;0
12;0.00742569;0.978738;0.00314872;0.00742569;0;0;0;0.00742569;0.00742569;0
13;0.0112179;0.968796;0.00479558;0.0112179;0;0;0;0.0112179;0.0112179;0
14;0.0158679;0.9548;0.00686486;0.0158679;0;0;0;0.0158679;0.0158679;0
15;0.0218351;0.935677;0.00960612;0.0218351;0;0;0;0.0218351;0.0218351;0
16;0.0303022;0.909234;0.0136488;0.0303022;0;0;0;0.0303022;0.0303022;0
17;0.042747;0.871933;0.0199185;0.042747;0;0;0;0.042747;0.042747;0
18;0.0591453;0.820472;0.0289526;0.0591453;0;0;0;0.0591453;0.0591453;0
19;0.0785313;0.752712;0.0412475;0.0785313;0;0;0;0.0785313;0.0785313;0
20;0.099911;0.667639;0.0579046;0.099911;0;0;0;0.099911;0.099911;0
21;0.121969;0.565612;0.0809669;0.121969;0;0;0;0.121969;0.121969;0
22;0.140957;0.450718;0.112614;0.140957;0;0;0;0.140957;0.140957;0
23;0.15049;0.333184;0.15386;0.15049;0;0;0;0.15049;0.15049;0
24;0.145954;0.227239;0.204163;0.145954;0;0;0;0.15049;0.15049;0
25;0.128847;0.144758;0.261083;0.128847;0;0;0;0.15049;0.15049;0
26;0.106342;0.0897299;0.319417;0.106342;0;0;0;0.15049;0.15049;0
27;0.0861274;0.0582187;0.369877;0.0861274;0;0;0;0.15049;0.15049;0
28;0.0719107;0.0428148;0.400735;0.0719107;0;0;0;0.15049;0.15049;0
29;0.0630422;0.0372037;0.40294;0.0630422;0;0;0;0.15049;0.15049;0
30;0.0572391;0.0377324;0.375867;0.0572391;0;0;0;0.15049;0.15049;0
31;0.052793;0.0426755;0.328825;0.052793;0;0;0;0.15049;0.15049;0
32;0.0491045;0.0510104;0.27627;0.0491045;0;0;0;0.15049;0.15049;0
33;0.0463299;0.0616199;0.230373;0.0463299;0;0;0;0.15049;0.15049;0
34;0.0447382;0.0731845;0.196417;0.0447382;0;0;0;0.15049;0.15049;0
35;0.0442062;0.0845872;0.173349;0.0442062;0;0;0;0.15049;0.15049;0
36;0.0442482;0.0952638;0.157452;0.0442482;0;0;0;0.15049;0.15049;0
37;0.0444676;0.10508;0.145749;0.0444676;0;0;0;0.15049;0.15049;0
38;0.0448145;0.113961;0.137042;0.0448145;0;0;0;0.15049;0.15049;0
39;0.045435;0.121688;0.131152;0.045435;0;0;0;0.15049;0.15049;0
40;0.0463981;0.127989;0.127897;0.0463981;0;0;0;0.15049;0.15049;0
41;0.0475872;0.132722;0.1267;0.0475872;0;0;0;0.15049;0.15049;0
42;0.0487999;0.135959;0.126816;0.0487999;0;0;0;0.15049;0.15049;0
43;0.0499123;0.137889;0.127734;0.0499123;0;0;0;0.15049;0.15049;0
44;0.0509326;0.138683;0.129323;0.0509326;0;0;0;0.15049;0.15049;0
45;0.0519078;0.138455;0.131611;0.0519078;0;0;0;0.15049;0.15049;0
46;0.0528193;0.137328;0.134497;0.0528193;0;0;0;0.15049;0.15049;0
47;0.0535883;0.1355;0.137701;0.0535883;0;0;0;0.15049;0.15049;0
48;0.0541527;0.133217;0.140921;0.0541527;0;0;0;0.15049;0.15049;0
49;0.0545141;0.13071;0.143985;0.0545141;0;0;0;0.15049;0.15049;0
50;0.0547165;0.128151;0.146838;0.0547165;0;0;0;0.15049;0.15049;0
51;0.0547988;0.125663;0.149442;0.0547988;0;0;0;0.15049;0.15049;0
52;0.0547738;0.12335;0.151708;0.0547738;0;0;0;0.15049;0.15049;0
53;0.0546454;0.121303;0.153526;0.0546454;0;0;0;0.15049;0.15049;0
54;0.0544321;0.119593;0.154837;0.0544321;0;0;0;0.15049;0.15049;0
55;0.0541689;0.118249;0.155665;0.0541689;0;0;0;0.15049;0.15049;0
56;0.0538909;0.117263;0.15608;0.0538909;0;0;0;0.15049;0.15049;0
57;0.0536189;0.116608;0.156149;0.0536189;0;0;0;0.15049;0.15049;0
58;0.0533612;0.11625;0.155925;0.0533612;0;0;0;0.15049;0.15049;0
59;0.0531229;0.116152;0.155458;0.0531229;0;0;0;0.15049;0.15049;0
60;0.052912;0.116271;0.154817;0.052912;0;0;0;0.15049;0.15049;0
61;0.0527373;0.116558;0.154081;0.0527373;0;0;0;0.15049;0.15049;0
62;0.0526031;0.116961;0.153318;0.0526031;0;0;0;0.15049;0.15049;0
63;0.0525076;0.117436;0.152575;0.0525076;0;0;0;0.15049;0.15049;0
64;0.0524456;0.117944;0.151881;0.0524456;0;0;0;0.15049;0.15049;0
65;0.0524125;0.118455;0.151258;0.0524125;0;0;0;0.15049;0.15049;0
66;0.0524049;0.118943;0.150725;0.0524049;0;0;0;0.15049;0.15049;0
67;0.0524196;0.119387;0.150295;0.0524196;0;0;0;0.15049;0.15049;0
68;0.052452;0.119771;0.149971;0.052452;0;0;0;0.15049;0.15049;0
69;0.0524964;0.120089;0.149746;0.0524964;0;0;0;0.15049;0.15049;0
70;0.0525474;0.120336;0.149611;0.0525474;0;0;0;0.15049;0.15049;0
71;0.0526013;0.120515;0.149554;0.0526013;0;0;0;0.15049;0.15049;0
72;0.052655;0.120629;0.149564;0.052655;0;0;0;0.15049;0.15049;0
73;0.0527064;0.120685;0.149627;0.0527064;0;0;0;0.15049;0.15049;0
74;0.0527531;0.12069;0.149732;0.0527531;0;0;0;0.15049;0.15049;0
75;0.0527935;0.120655;0.149863;0.0527935;0;0;0;0.15049;0.15049;0
76;0.0528264;0.12059;0.150008;0.0528264;0;0;0;0.15049;0.15049;0
77;0.0528517;0.120503;0.150158;0.0528517;0;0;0;0.15049;0.15049;0
78;0.0528698;0.120403;0.150304;0.0528698;0;0;0;0.15049;0.15049;0
79;0.0528811;0.120298;0.15044;0.0528811;0;0;0;0.15049;0.15049;0
80;0.0528864;0.120193;0.150561;0.0528864;0;0;0;0.15049;0.15049;0
81;0.0528864;0.120095;0.150663;0.0528864;0;0;0;0.15049;0.15049;0
82;0.0528822;0.120007;0.150745;0.0528822;0;0;0;0.15049;0.15049;0
83;0.0528748;0.119932;0.150806;0.0528748;0;0;0;0.15049;0.15049;0
84;0.0528652;0.119871;0.150847;0.0528652;0;0;0;0.15049;0.15049;0
85;0.0528545;0.119824;0.15087;0.0528545;0;0;0;0.15049;0.15049;0
86;0.0528433;0.119791;0.150878;0.0528433;0;0;0;0.15049;0.15049;0
87;0.0528323;0.119772;0.150873;0.0528323;0;0;0;0.15049;0.15049;0
88;0.052822;0.119763;0.150857;0.052822;0;0;0;0.15049;0.15049;0
89;0.0528128;0.119765;0.150834;0.0528128;0;0;0;0.15049;0.15049;0
90;0.052805;0.119774;0.150806;0.052805;0;0;0;0.15049;0.15049;0
91;0.0527987;0.119789;0.150775;0.0527987;0;0;0;0.15049;0.15049;0
92;0.052794;0.119807;0.150745;0.052794;0;0;0;0.15049;0.15049;0
93;0.0527907;0.119828;0.150715;0.0527907;0;0;0;0.15049;0.15049;0
94;0.0527887;0.11985;0.150688;0.0527887;0;0;0;0.15049;0.15049;0
95;0.052788;0.119871;0.150664;0.052788;0;0;0;0.15049;0.15049;0
96;0.0527883;0.11989;0.150645;0.0527883;0;0;0;0.15049;0.15049;0
97;0.0527894;0.119908;0.150629;0.0527894;0;0;0;0.15049;0.15049;0
98;0.052791;0.119922;0.150618;0.052791;0;0;0;0.15049;0.15049;0
99;0.052793;0.119934;0.15061;0.052793;0;0;0;0.15049;0.15049;0
100;0.0527953;0.119942;0.150607;0.0527953;0;0;0;0.15049;0.15049;0
101;0.0527976;0.119948;0.150606;0.0527976;0;0;0;0.15049;0.15049;0
102;0.0527998;0.119952;0.150608;0.0527998;0;0;0;0.15049;0.15049;0
103;0.0528018;0.119953;0.150611;0.0528018;0;0;0;0.15049;0.15049;0
104;0.0528036;0.119952;0.150616;0.0528036;0;0;0;0.15049;0.15049;0
105;0.0528051;0.11995;0.150622;0.0528051;0;0;0;0.15049;0.15049;0
106;0.0528063;0.119947;0.150629;0.0528063;0;0;0;0.15049;0.15049;0
107;0.0528072;0.119943;0.150635;0.0528072;0;0;0;0.15049;0.15049;0
108;0.0528078;0.119938;0.150641;0.0528078;0;0;0;0.15049;0.15049;0
109;0.0528081;0.119934;0.150646;0.0528081;0;0;0;0.15049;0.15049;0
110;0.0528082;0.11993;0.150651;0.0528082;0;0;0;0.15049;0.15049;0
111;0.0528081;0.119926;0.150655;0.0528081;0;0;0;0.15049;0.15049;0
112;0.0528078;0.119922;0.150657;0.0528078;0;0;0;0.15049;0.15049;0
113;0.0528075;0.11992;0.15066;0.0528075;0;0;0;0.15049;0.15049;0
114;0.052807;0.119917;0.150661;0.052807;0;0;0;0.15049;0.15049;0
115;0.0528066;0.119916;0.150661;0.0528066;0;0;0;0.15049;0.15049;0
116;0.0528061;0.119915;0.150661;0.0528061;0;0;0;0.15049;0.15049;0
117;0.0528057;0.119914;0.150661;0.0528057;0;0;0;0.15049;0.15049;0
118;0.0528053;0.119914;0.15066;0.0528053;0;0;0;0.15049;0.15049;0
119;0.0528049;0.119914;0.150659;0.0528049;0;0;0;0.15049;0.15049;0
120;0.0528046;0.119915;0.150658;0.0528046;0;0;0;0.15049;0.15049;0
121;0.0528044;0.119916;0.150656;0.0528044;0;0;0;0.15049;0.15049;0
122;0.0528042;0.119916;0.150655;0.0528042;0;0;0;0.15049;0.15049;0
123;0.0528041;0.119917;0.150654;0.0528041;0;0;0;0.15049;0.15049;0
124;0.0528041;0.119918;0.150653;0.0528041;0;0;0;0.15049;0.15049;0
125;0.0528041;0.119919;0.150652;0.0528041;0;0;0;0.15049;0.15049;0
126;0.0528041;0.11992;0.150651;0.0528041;0;0;0;0.15049;0.15049;0
127;0.0528042;0.11992;0.150651;0.0528042;0;0;0;0.15049;0.15049;0
128;0.0528042;0.119921;0.15065;0.0528042;0;0;0;0.15049;0.15049;0
129;0.0528043;0.119921;0.15065;0.0528043;0;0;0;0.15049;0.15049;0
130;0.0528044;0.119922;0.15065;0.0528044;0;0;0;0.15049;0.15049;0
131;0.0528045;0.119922;0.15065;0.0528045;0;0;0;0.15049;0.15049;0
132;0.0528046;0.119922;0.15065;0.0528046;0;0;0;0.15049;0.15049;0
133;0.0528047;0.119922;0.15065;0.0528047;0;0;0;0.15049;0.15049;0
134;0.0528048;0.119922;0.150651;0.0528048;0;0;0;0.15049;0.15049;0
135;0.0528048;0.119922;0.150651;0.0528048;0;0;0;0.15049;0.15049;0
136;0.0528049;0.119922;0.150651;0.0528049;0;0;0;0.15049;0.15049;0
137;0.0528049;0.119921;0.150651;0.0528049;0;0;0;0.15049;0.15049;0
138;0.0528049;0.119921;0.150652;0.0528049;0;0;0;0.15049;0.15049;0
139;0.0528049;0.119921;0.150652;0.0528049;0;0;0;0.15049;0.15049;0
140;0.0528049;0.119921;0.150652;0.0528049;0;0;0;0.15049;0.15049;0
141;0.0528049;0.119921;0.150652;0.0528049;0;0;0;0.15049;0.15049;0
142;0.0528049;0.119921;0.150652;0.0528049;0;0;0;0.15049;0.15049;0
143;0.0528049;0.119921;0.150652;0.0528049;0;0;0;0.15049;0.15049;0
144;0.0528048;0.11992;0.150652;0.0528048;0;0;0;0.15049;0.15049;0
145;0.0528048;0.11992;0.150652;0.0528048;0;0;0;0.15049;0.15049;0
146;0.0528048;0.11992;0.150652;0.0528048;0;0;0;0.15049;0.15049;0
147;0.0528048;0.11992;0.150652;0.0528048;0;0;0;0.15049;0.15049;0
148;0.0528048;0.11992;0.150652;0.0528048;0;0;0;0.15049;0.15049;0
149;0.0528048;0.11992;0.150652;0.0528048;0;0;0;0.15049;0.15049;0
150;0.0528048;0.11992;0.150652;0.0528048;0;0;0;0.15049;0.15049;0
151;0.0528047;0.11992;0.150652;0.0528047;0;0;0;0.15049;0.15049;0
152;0.0528047;0.11992;0.150652;0.0528047;0;0;0;0.15049;0.15049;0
153;0.0528047;0.11992;0.150652;0.0528047;0;0;0;0.15049;0.15049;0
154;0.0528047;0.119921;0.150652;0.0528047;0;0;0;0.15049;0.15049;0
155;0.0528047;0.119921;0.150652;0.0528047;0;0;0;0.15049;0.15049;0
156;0.0528047;0.119921;0.150652;0.0528047;0;0;0;0.15049;0.15049;0
157;0.0528047;0.119921;0.150652;0.0528047;0;0;0;0.15049;0.15049;0
158;0.0528047;0.119921;0.150652;0.0528047;0;0;0;0.15049;0.15049;0
159;0.0528047;0.119921;0.150652;0.0528047;0;0;0;0.15049;0.15049;0
160;0.0528048;0.119921;0.150652;0.0528048;0;0;0;0.15049;0.15049;0
161;0.0528048;0.119921;0.150652;0.0528048;0;0;0;0.15049;0.15049;0
162;0.0528048;0.119921;0.150652;0.0528048;0;0;0;0.15049;0.15049;0
163;0.0528048;0.119921;0.150652;0.0528048;0;0;0;0.15049;0.15049;0
164;0.0528048;0.119921;0.150652;0.0528048;0;0;0;0.15049;0.15049;0
165;0.0528048;0.119921;0.150652;0.0528048;0;0;0;0.15049;0.15049;0
166;0.0528048;0.119921;0.150652;0.0528048;0;0;0;0.15049;0.15049;0
167;0.0528048;0.119921;0.150652;0.0528048;0;0;0;0.15049;0.15049;0
168;0.0528048;0.119921;0.150652;0.0528048;0;0;0;0.15049;0.15049;0
169;0.0528048;0.119921;0.150652;0.0528048;0;0;0;0.15049;0.15049;0
170;0.0528048;0.119921;0.150652;0.0528048;0;0;0;0.15049;0.15049;0
171;0.0528048;0.119921;0.150652;0.0528048;0;0;0;0.15049;0.15049;0
172;0.0528048;0.119921;0.150652;0.0528048;0;0;0;0.15049;0.15049;0
173;0.0528048;0.119921;0.150652;0.0528048;0;0;0;0.15049;0.15049;0
174;0.0528048;0.119921;0.150652;0.0528048;0;0;0;0.15049;0.15049;0
175;0.0528048;0.119921;0.150652;0.0528048;0;0;0;0.15049;0.15049;0
176;0.0528048;0.119921;0.150652;0.0528048;0;0;0;0.15049;0.15049;0
177;0.0528048;0.119921;0.150652;0.0528048;0;0;0;0.15049;0.15049;0
178;0.0528048;0.119921;0.150652;0.0528048;0;0;0;0.15049;0.15049;0
179;0.0528048;0.119921;0.150652;0.0528048;0;0;0;0.15049;0.15049;0
180;0.0528048;0.119921;0.150652;0.0528048;0;0;0;0.15049;0.15049;0
181;0.0528048;0.119921;0.150652;0.0528048;0;0;0;0.15049;0.15049;0
182;0.0528048;0.119921;0.150652;0.0528048;0;0;0;0.15049;0.15049;0
183;0.0528048;0.119921;0.150652;0.0528048;0;0;0;0.15049;0.15049;0
184;0.0528048;0.119921;0.150652;0.0528048;0;0;0;0.15049;0.15049;0
185;0.0528048;0.119921;0.150652;0.0528048;0;0;0;0.15049;0.15049;0
186;0.0528048;0.119921;0.150652;0.0528048;0;0;0;0.15049;0.15049;0
187;0.0528048;0.119921;0.150652;0.0528048;0;0;0;0.15049;0.15049;0
188;0.0528048;0.119921;0.150652;0.0528048;0;0;0;0.15049;0.15049;0
189;0.0528048;0.119921;0.150652;0.0528048;0;0;0;0.15049;0.15049;0
190;0.0528048;0.119921;0.150652;0.0528048;0;0;0;0.15049;0.15049;0
191;0.0528048;0.119921;0.150652;0.0528048;0;0;0;0.15049;0.15049;0
192;0.0528048;0.119921;0.150652;0.0528048;0;0;0;0.15049;0.15049;0
193;0.0528048;0.119921;0.150652;0.0528048;0;0;0;0.15049;0.15049;0
194;0.0528048;0.119921;0.150652;0.0528048;0;0;0;0.15049;0.15049;0
195;0.0528048;0.119921;0.150652;0.0528048;0;0;0;0.15049;0.15049;0
196;0.0528048;0.119921;0.150652;0.0528048;0;0;0;0.15049;0.15049;0
197;0.0528048;0.119921;0.150652;0.0528048;0;0;0;0.15049;0.15049;0
198;0.0528048;0.119921;0.150652;0.0528048;0;0;0;0.15049;0.15049;0
199;0.0528048;0.119921;0.150652;0.0528048;0;0;0;0.15049;0.15049;0
200;0.0528048;0.119921;0.150652;0.0528048;0;0;0;0.15049;0.15049;0
201;0.0528048;0.119921;0.150652;0.0528048;0;0;0;0.15049;0.15049;0
202;0.0528048;0.119921;0.150652;0.0528048;0;0;0;0.15049;0.15049;0
203;0.0528048;0.119921;0.150652;0.0528048;0;0;0;0.15049;0.15049;0
204;0.0528048;0.119921;0.150652;0.0528048;0;0;0;0.15049;0.15049;0
205;0.0528048;0.119921;0.150652;0.0528048;0;0;0;0.15049;0.15049;0
206;0.0528048;0.119921;0.150652;0.0528048;0;0;0;0.15049;0.15049;0
207;0.0528048;0.119921;0.150652;0.0528048;0;0;0;0.15049;0.15049;0
208;0.0528048;0.119921;0.150652;0.0528048;0;0;0;0.15049;0.15049;0
209;0.0528048;0.119921;0.150652;0.0528048;0;0;0;0.15049;0.15049;0
210;0.0528048;0.119921;0.150652;0.0528048;0;0;0;0.15049;0.15049;0
211;0.0528048;0.119921;0.150652;0.0528048;0;0;0;0.15049;0.15049;0
212;0.0528048;0.119921;0.150652;0.0528048;0;0;0;0.15049;0.15049;0
213;0.0528048;0.119921;0.150652;0.0528048;0;0;0;0.15049;0.15049;0
214;0.0528048;0.119921;0.150652;0.0528048;0;0;0;0.15049;0.15049;0
215;0.0528048;0.119921;0.150652;0.0528048;0;0;0;0.15049;0.15049;0
216;0.0528048;0.119921;0.150652;0.0528048;0;0;0;0.15049;0.15049;0
217;0.0528048;0.119921;0.150652;0.0528048;0;0;0;0.15049;0.15049;0
218;0.0528048;0.119921;0.150652;0.0528048;0;0;0;0.15049;0.15049;0
219;0.0528048;0.119921;0.150652;0.0528048;0;0;0;0.15049;0.15049;0
220;0.0528048;0.119921;0.150652;0.0528048;0;0;0;0.15049;0.15049;0
221;0.0528048;0.119921;0.150652;0.0528048;0;0;0;0.15049;0.15049;0
222;0.0528048;0.119921;0.150652;0.0528048;0;0;0;0.15049;0.15049;0
223;0.0528048;0.119921;0.150652;0.0528048;0;0;0;0.15049;0.15049;0
224;0.0528048;0.119921;0.150652;0.0528048;0;0;0;0.15049;0.15049;0
225;0.0528048;0.119921;0.150652;0.0528048;0;0;0;0.15049;0.15049;0
226;0.0528048;0.119921;0.150652;0.0528048;0;0;0;0.15049;0.15049;0
227;0.0528048;0.119921;0.150652;0.0528048;0;0;0;0.15049;0.15049;0
228;0.0528048;0.119921;0.150652;0.0528048;0;0;0;0.15049;0.15049;0
229;0.0528048;0.119921;0.150652;0.0528048;0;0;0;0.15049;0.15049;0
230;0.0528048;0.119921;0.150652;0.0528048;0;0;0;0.15049;0.15049;0
231;0.0528048;0.119921;0.150652;0.0528048;0;0;0;0.15049;0.15049;0
232;0.0528048;0.119921;0.150652;0.0528048;0;0;0;0.15049;0.15049;0
233;0.0528048;0.119921;0.150652;0.0528048;0;0;0;0.15049;0.15049;0
234;0.0528048;0.119921;0.150652;0.0528048;0;0;0;0.15049;0.15049;0
235;0.0528048;0.119921;0.150652;0.0528048;0;0;0;0.15049;0.15049;0
236;0.0528048;0.119921;0.150652;0.0528048;0;0;0;0.15049;0.15049;0
237;0.0528048;0.119921;0.150652;0.0528048;0;0;0;0.15049;0.15049;0
238;0.0528048;0.119921;0.150652;0.0528048;0;0;0;0.15049;0.15049;0
239;0.0528048;0.119921;0.150652;0.0528048;0;0;0;0.15049;0.15049;0
240;0.0528048;0.119921;0.150652;0.0528048;0;0;0;0.15049;0.15049;0
241;0.0528048;0.119921;0.150652;0.0528048;0;0;0;0.15049;0.15049;0
242;0.0528048;0.119921;0.150652;0.0528048;0;0;0;0.15049;0.15049;0
243;0.0528048;0.119921;0.150652;0.0528048;0;0;0;0.15049;0.15049;0
244;0.0528048;0.119921;0.150652;0.0528048;0;0;0;0.15049;0.15049;0
245;0.0528048;0.119921;0.150652;0.0528048;0;0;0;0.15049;0.15049;0
246;0.0528048;0.119921;0.150652;0.0528048;0;0;0;0.15049;0.15049;0
247;0.0528048;0.119921;0.150652;0.0528048;0;0;0;0.15049;0.15049;0
248;0.0528048;0.119921;0.150652;0.0528048;0;0;0;0.15049;0.15049;0
249;0.0528048;0.119921;0.150652;0.0528048;0;0;0;0.15049;0.15049;0
250;0.0528048;0.119921;0.150652;0.0528048;0;0;0;0.15049;0.15049;0
251;0.0528048;0.119921;0.150652;0.0528048;0;0;0;0.15049;0.15049;0
252;0.0528048;0.119921;0.150652;0.0528048;0;0;0;0.15049;0.15049;0
253;0.0528048;0.119921;0.150652;0.0528048;0;0;0;0.15049;0.15049;0
254;0.0528048;0.119921;0.150652;0.0528048;0;0;0;0.15049;0.15049;0
255;0.0528048;0.119921;0.150652;0.0528048;0;0;0;0.15049;0.15049;0
256;0.0528048;0.119921;0.150652;0.0528048;0;0;0;0.15049;0.15049;0
257;0.0528048;0.119921;0.150652;0.0528048;0;0;0;0.15049;0.15049;0
258;0.0528048;0.119921;0.150652;0.0528048;0;0;0;0.15049;0.15049;0
259;0.0528048;0.119921;0.150652;0.0528048;0;0;0;0.15049;0.15049;0
260;0.0528048;0.119921;0.150652;0.0528048;0;0;0;0.15049;0.15049;0
261;0.0528048;0.119921;0.150652;0.0528048;0;0;0;0.15049;0.15049;0
262;0.0528048;0.119921;0.150652;0.0528048;0;0;0;0.15049;0.15049;0
263;0.0528048;0.119921;0.150652;0.0528048;0;0;0;0.15049;0.15049;0
264;0.0528048;0.119921;0.150652;0.0528048;0;0;0;0.15049;0.15049;0
265;0.0528048;0.119921;0.150652;0.0528048;0;0;0;0.15049;0.15049;0
266;0.0528048;0.119921;0.150652;0.0528048;0;0;0;0.15049;0.15049;0
267;0.0528048;0.119921;0.150652;0.0528048;0;0;0;0.15049;0.15049;0
268;0.0528048;0.119921;0.150652;0.0528048;0;0;0;0.15049;0.15049;0
269;0.0528048;0.119921;0.150652;0.0528048;0;0;0;0.15049;0.15049;0
270;0.0528048;0.119921;0.150652;0.0528048;0;0;0;0.15049;0.15049;0
271;0.0528048;0.119921;0.150652;0.0528048;0;0;0;0.15049;0.15049;0
272;0.0528048;0.119921;0.150652;0.0528048;0;0;0;0.15049;0.15049;0
273;0.0528048;0.119921;0.150652;0.0528048;0;0;0;0.15049;0.15049;0
274;0.0528048;0.119921;0.150652;0.0528048;0;0;0;0.15049;0.15049;0
275;0.0528048;0.119921;0.150652;0.0528048;0;0;0;0.15049;0.15049;0
276;0.0528048;0.119921;0.150652;0.0528048;0;0;0;0.15049;0.15049;0
277;0.0528048;0.119921;0.150652;0.0528048;0;0;0;0.15049;0.15049;0
278;0.0528048;0.119921;0.150652;0.0528048;0;0;0;0.15049;0.15049;0
279;0.0528048;0.119921;0.150652;0.0528048;0;0;0;0.15049;0.15049;0
280;0.0528048;0.119921;0.150652;0.0528048;0;0;0;0.15049;0.15049;0
281;0.0528048;0.119921;0.150652;0.0528048;0;0;0;0.15049;0.15049;0
282;0.0528048;0.119921;0.150652;0.0528048;0;0;0;0.15049;0.15049;0
283;0.0528048;0.119921;0.150652;0.0528048;0;0;0;0.15049;0.15049;0
284;0.0528048;0.119921;0.150652;0.0528048;0;0;0;0.15049;0.15049;0
285;0.0528048;0.119921;0.150652;0.0528048;0;0;0;0.15049;0.15049;0
286;0.0528048;0.119921;0.150652;0.0528048;0;0;0;0.15049;0.15049;0
287;0.0528048;0.119921;0.150652;0.0528048;0;0;0;0.15049;0.15049;0
288;0.0528048;0.119921;0.150652;0.0528048;0;0;0;0.15049;0.15049;0
289;0.0528048;0.119921;0.150652;0.0528048;0;0;0;0.15049;0.15049;0
290;0.0528048;0.119921;0.150652;0.0528048;0;0;0;0.15049;0.15049;0
291;0.0528048;0.119921;0.150652;0.0528048;0;0;0;0.15049;0.15049;0
292;0.0528048;0.119921;0.150652;0.0528048;0;0;0;0.15049;0.15049;0
293;0.0528048;0.119921;0.150652;0.0528048;0;0;0;0.15049;0.15049;0
294;0.0528048;0.119921;0.150652;0.0528048;0;0;0;0.15049;0.15049;0
295;0.0528048;0.119921;0.150652;0.0528048;0;0;0;0.15049;0.15049;0
296;0.0528048;0.119921;0.150652;0.0528048;0;0;0;0.15049;0.15049;0
297;0.0528048;0.119921;0.150652;0.0528048;0;0;0;0.15049;0.15049;0
298;0.0528048;0.119921;0.150652;0.0528048;0;0;0;0.15049;0.15049;0
299;0.0528048;0.119921;0.150652;0.0528048;0;0;0;0.15049;0.15049;0
300;0.0528048;0.119921;0.150652;0.0528048;0;0;0;0.15049;0.15049;0
301;0.0528048;0.119921;0.150652;0.0528048;0;0;0;0.15049;0.15049;0
302;0.0528048;0.119921;0.150652;0.0528048;0;0;0;0.15049;0.15049;0
303;0.0528048;0.119921;0.150652;0.0528048;0;0;0;0.15049;0.15049;0
304;0.0528048;0.119921;0.150652;0.0528048;0;0;0;0.15049;0.15049;0
305;0.0528048;0.119921;0.150652;0.0528048;0;0;0;0.15049;0.15049;0
306;0.0528048;0.119921;0.150652;0.0528048;0;0;0;0.15049;0.15049;0
307;0.0528048;0.119921;0.150652;0.0528048;0;0;0;0.15049;0.15049;0
308;0.0528048;0.119921;0.150652;0.0528048;0;0;0;0.15049;0.15049;0
309;0.0528048;0.119921;0.150652;0.0528048;0;0;0;0.15049;0.15049;0
310;0.0528048;0.119921;0.150652;0.0528048;0;0;0;0.15049;0.15049;0
311;0.0528048;0.119921;0.150652;0.0528048;0;0;0;0.15049;0.15049;0
312;0.0528048;0.119921;0.150652;0.0528048;0;0;0;0.15049;0.15049;0
313;0.0528048;0.119921;0.150652;0.0528048;0;0;0;0.15049;0.15049;0
314;0.0528048;0.119921;0.150652;0.0528048;0;0;0;0.15049;0.15049;0
315;0.0528048;0.119921;0.150652;0.0528048;0;0;0;0.15049;0.15049;0
316;0.0528048;0.119921;0.150652;0.0528048;0;0;0;0.15049;0.15049;0
317;0.0528048;0.119921;0.150652;0.0528048;0;0;0;0.15049;0.15049;0
318;0.0528048;0.119921;0.150652;0.0528048;0;0;0;0.15049;0.15049;0
319;0.0528048;0.119921;0.150652;0.0528048;0;0;0;0.15049;0.15049;0
320;0.0528048;0.119921;0.150652;0.0528048;0;0;0;0.15049;0.15049;0
321;0.0528048;0.119921;0.150652;0.0528048;0;0;0;0.15049;0.15049;0
322;0.0528048;0.119921;0.150652;0.0528048;0;0;0;0.15049;0.15049;0
323;0.0528048;0.119921;0.150652;0.0528048;0;0;0;0.15049;0.15049;0
324;0.0528048;0.119921;0.150652;0.0528048;0;0;0;0.15049;0.15049;0
325;0.0528048;0.119921;0.150652;0.0528048;0;0;0;0.15049;0.15049;0
326;0.0528048;0.119921;0.150652;0.0528048;0;0;0;0.15049;0.15049;0
327;0.0528048;0.119921;0.150652;0.0528048;0;0;0;0.15049;0.15049;0
328;0.0528048;0.119921;0.150652;0.0528048;0;0;0;0.15049;0.15049;0
329;0.0528048;0.119921;0.150652;0.0528048;0;0;0;0.15049;0.15049;0
330;0.0528048;0.119921;0.150652;0.0528048;0;0;0;0.15049;0.15049;0
331;0.0528048;0.119921;0.150652;0.0528048;0;0;0;0.15049;0.15049;0
332;0.0528048;0.119921;0.150652;0.0528048;0;0;0;0.15049;0.15049;0
333;0.0528048;0.119921;0.150652;0.0528048;0;0;0;0.15049;0.15049;0
334;0.0528048;0.119921;0.150652;0.0528048;0;0;0;0.15049;0.15049;0
335;0.0528048;0.119921;0.150652;0.0528048;0;0;0;0.15049;0.15049;0
336;0.0528048;0.119921;0.150652;0.0528048;0;0;0;0.15049;0.15049;0
337;0.0528048;0.119921;0.150652;0.0528048;0;0;0;0.15049;0.15049;0
338;0.0528048;0.119921;0.150652;0.0528048;0;0;0;0.15049;0.15049;0
339;0.0528048;0.119921;0.150652;0.0528048;0;0;0;0.15049;0.15049;0
340;0.0528048;0.119921;0.150652;0.0528048;0;0;0;0.15049;0.15049;0
341;0.0528048;0.119921;0.150652;0.0528048;0;0;0;0.15049;0.15049;0
342;0.0528048;0.119921;0.150652;0.0528048;0;0;0;0.15049;0.15049;0
343;0.0528048;0.119921;0.150652;0.0528048;0;0;0;0.15049;0.15049;0
344;0.0528048;0.119921;0.150652;0.0528048;0;0;0;0.15049;0.15049;0
345;0.0528048;0.119921;0.150652;0.0528048;0;0;0;0.15049;0.15049;0
346;0.0528048;0.119921;0.150652;0.0528048;0;0;0;0.15049;0.15049;0
347;0.0528048;0.119921;0.150652;0.0528048;0;0;0;0.15049;0.15049;0
348;0.0528048;0.119921;0.150652;0.0528048;0;0;0;0.15049;0.15049;0
349;0.0528048;0.119921;0.150652;0.0528048;0;0;0;0.15049;0.15049;0
350;0.0528048;0.119921;0.150652;0.0528048;0;0;0;0.15049;0.15049;0
351;0.0528048;0.119921;0.150652;0.0528048;0;0;0;0.15049;0.15049;0
352;0.0528048;0.119921;0.150652;0.0528048;0;0;0;0.15049;0.15049;0
353;0.0528048;0.119921;0.150652;0.0528048;0;0;0;0.15049;0.15049;0
354;0.0528048;0.119921;0.150652;0.0528048;0;0;0;0.15049;0.15049;0
355;0.0528048;0.119921;0.150652;0.0528048;0;0;0;0.15049;0.15049;0
356;0.0528048;0.119921;0.150652;0.0528048;0;0;0;0.15049;0.15049;0
357;0.0528048;0.119921;0.150652;0.0528048;0;0;0;0.15049;0.15049;0
358;0.0528048;0.119921;0.150652;0.0528048;0;0;0;0.15049;0.15049;0
359;0.0528048;0.119921;0.150652;0.0528048;0;0;0;0.15049;0.15049;0
360;0.0528048;0.119921;0.150652;0.0528048;0;0;0;0.15049;0.15049;0
361;0.0528048;0.119921;0.150652;0.0528048;0;0;0;0.15049;0.15049;0
362;0.0528048;0.119921;0.150652;0.0528048;0;0;0;0.15049;0.15049;0
363;0.0528048;0.119921;0.150652;0.0528048;0;0;0;0.15049;0.15049;0
364;0.0528048;0.119921;0.150652;0.0528048;0;0;0;0.15049;0.15049;0
365;0.0528048;0.119921;0.150652;0.0528048;0;0;0;0.15049;0.15049;0
366;0.0528048;0.119921;0.150652;0.0528048;0;0;0;0.15049;0.15049;0
367;0.0528048;0.119921;0.150652;0.0528048;0;0;0;0.15049;0.15049;0
368;0.0528048;0.119921;0.150652;0.0528048;0;0;0;0.15049;0.15049;0
369;0.0528048;0.119921;0.150652;0.0528048;0;0;0;0.15049;0.15049;0
370;0.0528048;0.119921;0.150652;0.0528048;0;0;0;0.15049;0.15049;0
371;0.0528048;0.119921;0.150652;0.0528048;0;0;0;0.15049;0.15049;0
372;0.0528048;0.119921;0.150652;0.0528048;0;0;0;0.15049;0.15049;0
373;0.0528048;0.119921;0.150652;0.0528048;0;0;0;0.15049;0.15049;0
374;0.0528048;0.119921;0.150652;0.0528048;0;0;0;0.15049;0.15049;0
375;0.0528048;0.119921;0.150652;0.0528048;0;0;0;0.15049;0.15049;0
376;0.0528048;0.119921;0.150652;0.0528048;0;0;0;0.15049;0.15049;0
377;0.0528048;0.119921;0.150652;0.0528048;0;0;0;0.15049;0.15049;0
378;0.0528048;0.119921;0.150652;0.0528048;0;0;0;0.15049;0.15049;0
379;0.0528048;0.119921;0.150652;0.0528048;0;0;0;0.15049;0.15049;0
380;0.0528048;0.119921;0.150652;0.0528048;0;0;0;0.15049;0.15049;0
381;0.0528048;0.119921;0.150652;0.0528048;0;0;0;0.15049;0.15049;0
382;0.0528048;0.119921;0.150652;0.0528048;0;0;0;0.15049;0.15049;0
383;0.0528048;0.119921;0.150652;0.0528048;0;0;0;0.15049;0.15049;0
384;0.0528048;0.119921;0.150652;0.0528048;0;0;0;0.15049;0.15049;0
385;0.0528048;0.119921;0.150652;0.0528048;0;0;0;0.15049;0.15049;0
386;0.0528048;0.119921;0.150652;0.0528048;0;0;0;0.15049;0.15049;0
387;0.0528048;0.119921;0.150652;0.0528048;0;0;0;0.15049;0.15049;0
388;0.0528048;0.119921;0.150652;0.0528048;0;0;0;0.15049;0.15049;0
389;0.0528048;0.119921;0.150652;0.0528048;0;0;0;0.15049;0.15049;0
390;0.0528048;0.119921;0.150652;0.0528048;0;0;0;0.15049;0.15049;0
391;0.0528048;0.119921;0.150652;0.0528048;0;0;0;0.15049;0.15049;0
392;0.0528048;0.119921;0.150652;0.0528048;0;0;0;0.15049;0.15049;0
393;0.0528048;0.119921;0.150652;0.0528048;0;0;0;0.15049;0.15049;0
394;0.0528048;0.119921;0.150652;0.0528048;0;0;0;0.15049;0.15049;0
395;0.0528048;0.119921;0.150652;0.0528048;0;0;0;0.15049;0.15049;0
396;0.0528048;0.119921;0.150652;0.0528048;0;0;0;0.15049;0.15049;0
397;0.0528048;0.119921;0.150652;0.0528048;0;0;0;0.15049;0.15049;0
398;0.0528048;0.119921;0.150652;0.0528048;0;0;0;0.15049;0.15049;0
399;0.0528048;0.119921;0.150652;0.0528048;0;0;0;0.15049;0.15049;0
400;0.0528048;0.119921;0.150652;0.0528048;0;0;0;0.15049;0.15049;0
401;0.0528048;0.119921;0.150652;0.0528048;0;0;0;0.15049;0.15049;0
402;0.0528048;0.119921;0.150652;0.0528048;0;0;0;0.15049;0.15049;0
403;0.0528048;0.119921;0.150652;0.0528048;0;0;0;0.15049;0.15049;0
404;0.0528048;0.119921;0.150652;0.0528048;0;0;0;0.15049;0.15049;0
405;0.0528048;0.119921;0.150652;0.0528048;0;0;0;0.15049;0.15049;0
406;0.0528048;0.119921;0.150652;0.0528048;0;0;0;0.15049;0.15049;0
407;0.0528048;0.119921;0.150652;0.0528048;0;0;0;0.15049;0.15049;0
408;0.0528048;0.119921;0.150652;0.0528048;0;0;0;0.15049;0.15049;0
409;0.0528048;0.119921;0.150652;0.0528048;0;0;0;0.15049;0.15049;0
410;0.0528048;0.119921;0.150652;0.0528048;0;0;0;0.15049;0.15049;0
411;0.0528048;0.119921;0.150652;0.0528048;0;0;0;0.15049;0.15049;0
412;0.0528048;0.119921;0.150652;0.0528048;0;0;0;0.15049;0.15049;0
413;0.0528048;0.119921;0.150652;0.0528048;0;0;0;0.15049;0.15049;0
414;0.0528048;0.119921;0.150652;0.0528048;0;0;0;0.15049;0.15049;0
415;0.0528048;0.119921;0.150652;0.0528048;0;0;0;0.15049;0.15049;0
416;0.0528048;0.119921;0.150652;0.0528048;0;0;0;0.15049;0.15049;0
417;0.0528048;0.119921;0.150652;0.0528048;0;0;0;0.15049;0.15049;0
418;0.0528048;0.119921;0.150652;0.0528048;0;0;0;0.15049;0.15049;0
419;0.0528048;0.119921;0.150652;0.0528048;0;0;0;0.15049;0.15049;0
420;0.0528048;0.119921;0.150652;0.0528048;0;0;0;0.15049;0.15049;0
421;0.0528048;0.119921;0.150652;0.0528048;0;0;0;0.15049;0.15049;0
422;0.0528048;0.119921;0.150652;0.0528048;0;0;0;0.15049;0.15049;0
423;0.0528048;0.119921;0.150652;0.0528048;0;0;0;0.15049;0.15049;0
424;0.0528048;0.119921;0.150652;0.0528048;0;0;0;0.15049;0.15049;0
425;0.0528048;0.119921;0.150652;0.0528048;0;0;0;0.15049;0.15049;0
426;0.0528048;0.119921;0.150652;0.0528048;0;0;0;0.15049;0.15049;0
427;0.0528048;0.119921;0.150652;0.0528048;0;0;0;0.15049;0.15049;0
428;0.0528048;0.119921;0.150652;0.0528048;0;0;0;0.15049;0.15049;0
429;0.0528048;0.119921;0.150652;0.0528048;0;0;0;0.15049;0.15049;0
430;0.0528048;0.119921;0.150652;0.0528048;0;0;0;0.15049;0.15049;0
431;0.0528048;0.119921;0.150652;0.0528048;0;0;0;0.15049;0.15049;0
432;0.0528048;0.119921;0.150652;0.0528048;0;0;0;0.15049;0.15049;0
433;0.0528048;0.119921;0.150652;0.0528048;0;0;0;0.15049;0.15049;0
434;0.0528048;0.119921;0.150652;0.0528048;0;0;0;0.15049;0.15049;0
435;0.0528048;0.119921;0.150652;0.0528048;0;0;0;0.15049;0.15049;0
436;0.0528048;0.119921;0.150652;0.0528048;0;0;0;0.15049;0.15049;0
437;0.0528048;0.119921;0.150652;0.0528048;0;0;0;0.15049;0.15049;0
438;0.0528048;0.119921;0.150652;0.0528048;0;0;0;0.15049;0.15049;0
439;0.0528048;0.119921;0.150652;0.0528048;0;0;0;0.15049;0.15049;0
440;0.0528048;0.119921;0.150652;0.0528048;0;0;0;0.15049;0.15049;0
441;0.0528048;0.119921;0.150652;0.0528048;0;0;0;0.15049;0.15049;0
442;0.0528048;0.119921;0.150652;0.0528048;0;0;0;0.15049;0.15049;0
443;0.0528048;0.119921;0.150652;0.0528048;0;0;0;0.15049;0.15049;0
444;0.0528048;0.119921;0.150652;0.0528048;0;0;0;0.15049;0.15049;0
445;0.0528048;0.119921;0.150652;0.0528048;0;0;0;0.15049;0.15049;0
446;0.0528048;0.119921;0.150652;0.0528048;0;0;0;0.15049;0.15049;0
447;0.0528048;0.119921;0.150652;0.0528048;0;0;0;0.15049;0.15049;0
448;0.0528048;0.119921;0.150652;0.0528048;0;0;0;0.15049;0.15049;0
449;0.0528048;0.119921;0.150652;0.0528048;0;0;0;0.15049;0.15049;0
450;0.0528048;0.119921;0.150652;0.0528048;0;0;0;0.15049;0.15049;0
451;0.0528048;0.119921;0.150652;0.0528048;0;0;0;0.15049;0.15049;0
452;0.0528048;0.119921;0.150652;0.0528048;0;0;0;0.15049;0.15049;0
453;0.0528048;0.119921;0.150652;0.0528048;0;0;0;0.15049;0.15049;0
454;0.0528048;0.119921;0.150652;0.0528048;0;0;0;0.15049;0.15049;0
455;0.0528048;0.119921;0.150652;0.0528048;0;0;0;0.15049;0.15049;0
456;0.0528048;0.119921;0.150652;0.0528048;0;0;0;0.15049;0.15049;0
457;0.0528048;0.119921;0.150652;0.0528048;0;0;0;0.15049;0.15049;0
458;0.0528048;0.119921;0.150652;0.0528048;0;0;0;0.15049;0.15049;0
459;0.0528048;0.119921;0.150652;0.0528048;0;0;0;0.15049;0.15049;0
460;0.0528048;0.119921;0.150652;0.0528048;0;0;0;0.15049;0.15049;0
461;0.0528048;0.119921;0.150652;0.0528048;0;0;0;0.15049;0.15049;0
462;0.0528048;0.119921;0.150652;0.0528048;0;0;0;0.15049;0.15049;0
463;0.0528048;0.119921;0.150652;0.0528048;0;0;0;0.15049;0.15049;0
464;0.0528048;0.119921;0.150652;0.0528048;0;0;0;0.15049;0.15049;0
465;0.0528048;0.119921;0.150652;0.0528048;0;0;0;0.15049;0.15049;0
466;0.0528048;0.119921;0.150652;0.0528048;0;0;0;0.15049;0.15049;0
467;0.0528048;0.119921;0.150652;0.0528048;0;0;0;0.15049;0.15049;0
468;0.0528048;0.119921;0.150652;0.0528048;0;0;0;0.15049;0.15049;0
469;0.0528048;0.119921;0.150652;0.0528048;0;0;0;0.15049;0.15049;0
470;0.0528048;0.119921;0.150652;0.0528048;0;0;0;0.15049;0.15049;0
471;0.0528048;0.119921;0.150652;0.0528048;0;0;0;0.15049;0.15049;0
472;0.0528048;0.119921;0.150652;0.0528048;0;0;0;0.15049;0.15049;0
473;0.0528048;0.119921;0.150652;0.0528048;0;0;0;0.15049;0.15049;0
474;0.0528048;0.119921;0.150652;0.0528048;0;0;0;0.15049;0.15049;0
475;0.0528048;0.119921;0.150652;0.0528048;0;0;0;0.15049;0.15049;0
476;0.0528048;0.119921;0.150652;0.0528048;0;0;0;0.15049;0.15049;0
477;0.0528048;0.119921;0.150652;0.0528048;0;0;0;0.15049;0.15049;0
478;0.0528048;0.119921;0.150652;0.0528048;0;0;0;0.15049;0.15049;0
479;0.0528048;0.119921;0.150652;0.0528048;0;0;0;0.15049;0.15049;0
480;0.0528048;0.119921;0.150652;0.0528048;0;0;0;0.15049;0.15049;0
481;0.0528048;0.119921;0.150652;0.0528048;0;0;0;0.15049;0.15049;0
482;0.0528048;0.119921;0.150652;0.0528048;0;0;0;0.15049;0.15049;0
483;0.0528048;0.119921;0.150652;0.0528048;0;0;0;0.15049;0.15049;0
484;0.0528048;0.119921;0.150652;0.0528048;0;0;0;0.15049;0.15049;0
485;0.0528048;0.119921;0.150652;0.0528048;0;0;0;0.15049;0.15049;0
486;0.0528048;0.119921;0.150652;0.0528048;0;0;0;0.15049;0.15049;0
487;0.0528048;0.119921;0.150652;0.0528048;0;0;0;0.15049;0.15049;0
488;0.0528048;0.119921;0.150652;0.0528048;0;0;0;0.15049;0.15049;0
489;0.0528048;0.119921;0.150652;0.0528048;0;0;0;0.15049;0.15049;0
490;0.0528048;0.119921;0.150652;0.0528048;0;0;0;0.15049;0.15049;0
491;0.0528048;0.119921;0.150652;0.0528048;0;0;0;0.15049;0.15049;0
492;0.0528048;0.119921;0.150652;0.0528048;0;0;0;0.15049;0.15049;0
493;0.0528048;0.119921;0.150652;0.0528048;0;0;0;0.15049;0.15049;0
494;0.0528048;0.119921;0.150652;0.0528048;0;0;0;0.15049;0.15049;0
495;0.0528048;0.119921;0.150652;0.0528048;0;0;0;0.15049;0.15049;0
496;0.0528048;0.119921;0.150652;0.0528048;0;0;0;0.15049;0.15049;0
497;0.0528048;0.119921;0.150652;0.0528048;0;0;0;0.15049;0.15049;0
498;0.0528048;0.119921;0.150652;0.0528048;0;0;0;0.15049;0.15049;0
499;0.0528048;0.119921;0.150652;0.0528048;0;0;0;0.15049;0.15049;0
500;0.0528048;0.119921;0.150652;0.0528048;0;0;0;0.15049;0.15049;0
501;0.0528048;0.119921;0.150652;0.0528048;0;0;0;0.15049;0.15049;0
502;0.0528048;0.119921;0.150652;0.0528048;0;0;0;0.15049;0.15049;0
503;0.0528048;0.119921;0.150652;0.0528048;0;0;0;0.15049;0.15049;0
504;0.0528048;0.119921;0.150652;0.0528048;0;0;0;0.15049;0.15049;0
505;0.0528048;0.119921;0.150652;0.0528048;0;0;0;0.15049;0.15049;0
506;0.0528048;0.119921;0.150652;0.0528048;0;0;0;0.15049;0.15049;0
507;0.0528048;0.119921;0.150652;0.0528048;0;0;0;0.15049;0.15049;0
508;0.0528048;0.119921;0.150652;0.0528048;0;0;0;0.15049;0.15049;0
509;0.0528048;0.119921;0.150652;0.0528048;0;0;0;0.15049;0.15049;0
510;0.0528048;0.119921;0.150652;0.0528048;0;0;0;0.15049;0.15049;0
511;0.0528048;0.119921;0.150652;0.0528048;0;0;0;0.15049;0.15049;0
512;0.0528048;0.119921;0.150652;0.0528048;0;0;0;0.15049;0.15049;0
513;0.0528048;0.119921;0.150652;0.0528048;0;0;0;0.15049;0.15049;0
514;0.0528048;0.119921;0.150652;0.0528048;0;0;0;0.15049;0.15049;0
515;0.0528048;0.119921;0.150652;0.0528048;0;0;0;0.15049;0.15049;0
516;0.0528048;0.119921;0.150652;0.0528048;0;0;0;0.15049;0.15049;0
517;0.0528048;0.119921;0.150652;0.0528048;0;0;0;0.15049;0.15049;0
518;0.0528048;0.119921;0.150652;0.0528048;0;0;0;0.15049;0.15049;0
519;0.0528048;0.119921;0.150652;0.0528048;0;0;0;0.15049;0.15049;0
520;0.0528048;0.119921;0.150652;0.0528048;0;0;0;0.15049;0.15049;0
521;0.0528048;0.119921;0.150652;0.0528048;0;0;0;0.15049;0.15049;0
522;0.0528048;0.119921;0.150652;0.0528048;0;0;0;0.15049;0.15049;0
523;0.0528048;0.119921;0.150652;0.0528048;0;0;0;0.15049;0.15049;0
524;0.0528048;0.119921;0.150652;0.0528048;0;0;0;0.15049;0.15049;0
525;0.0528048;0.119921;0.150652;0.0528048;0;0;0;0.15049;0.15049;0
526;0.0528048;0.119921;0.150652;0.0528048;0;0;0;0.15049;0.15049;0
527;0.0528048;0.119921;0.150652;0.0528048;0;0;0;0.15049;0.15049;0
528;0.0528048;0.119921;0.150652;0.0528048;0;0;0;0.15049;0.15049;0
529;0.0528048;0.119921;0.150652;0.0528048;0;0;0;0.15049;0.15049;0
530;0.0528048;0.119921;0.150652;0.0528048;0;0;0;0.15049;0.15049;0
531;0.0528048;0.119921;0.150652;0.0528048;0;0;0;0.15049;0.15049;0
532;0.0528048;0.119921;0.150652;0.0528048;0;0;0;0.15049;0.15049;0
533;0.0528048;0.119921;0.150652;0.0528048;0;0;0;0.15049;0.15049;0
534;0.0528048;0.119921;0.150652;0.0528048;0;0;0;0.15049;0.15049;0
535;0.0528048;0.119921;0.150652;0.0528048;0;0;0;0.15049;0.15049;0
536;0.0528048;0.119921;0.150652;0.0528048;0;0;0;0.15049;0.15049;0
537;0.0528048;0.119921;0.150652;0.0528048;0;0;0;0.15049;0.15049;0
538;0.0528048;0.119921;0.150652;0.0528048;0;0;0;0.15049;0.15049;0
539;0.0528048;0.119921;0.150652;0.0528048;0;0;0;0.15049;0.15049;0
540;0.0528048;0.119921;0.150652;0.0528048;0;0;0;0.15049;0.15049;0
541;0.0528048;0.119921;0.150652;0.0528048;0;0;0;0.15049;0.15049;0
542;0.0528048;0.119921;0.150652;0.0528048;0;0;0;0.15049;0.15049;0
543;0.0528048;0.119921;0.150652;0.0528048;0;0;0;0.15049;0.15049;0
544;0.0528048;0.119921;0.150652;0.0528048;0;0;0;0.15049;0.15049;0
545;0.0528048;0.119921;0.150652;0.0528048;0;0;0;0.15049;0.15049;0
546;0.0528048;0.119921;0.150652;0.0528048;0;0;0;0.15049;0.15049;0
547;0.0528048;0.119921;0.150652;0.0528048;0;0;0;0.15049;0.15049;0
548;0.0528048;0.119921;0.150652;0.0528048;0;0;0;0.15049;0.15049;0
549;0.0528048;0.119921;0.150652;0.0528048;0;0;0;0.15049;0.15049;0
550;0.0528048;0.119921;0.150652;0.0528048;0;0;0;0.15049;0.15049;0
551;0.0528048;0.119921;0.150652;0.0528048;0;0;0;0.15049;0.15049;0
552;0.0528048;0.119921;0.150652;0.0528048;0;0;0;0.15049;0.15049;0
553;0.0528048;0.119921;0.150652;0.0528048;0;0;0;0.15049;0.15049;0
554;0.0528048;0.119921;0.150652;0.0528048;0;0;0;0.15049;0.15049;0
555;0.0528048;0.119921;0.150652;0.0528048;0;0;0;0.15049;0.15049;0
556;0.0528048;0.119921;0.150652;0.0528048;0;0;0;0.15049;0.15049;0
557;0.0528048;0.119921;0.150652;0.0528048;0;0;0;0.15049;0.15049;0
558;0.0528048;0.119921;0.150652;0.0528048;0;0;0;0.15049;0.15049;0
559;0.0528048;0.119921;0.150652;0.0528048;0;0;0;0.15049;0.15049;0
560;0.0528048;0.119921;0.150652;0.0528048;0;0;0;0.15049;0.15049;0
561;0.0528048;0.119921;0.150652;0.0528048;0;0;0;0.15049;0.15049;0
562;0.0528048;0.119921;0.150652;0.0528048;0;0;0;0.15049;0.15049;0
563;0.0528048;0.119921;0.150652;0.0528048;0;0;0;0.15049;0.15049;0
564;0.0528048;0.119921;0.150652;0.0528048;0;0;0;0.15049;0.15049;0
565;0.0528048;0.119921;0.150652;0.0528048;0;0;0;0.15049;0.15049;0
566;0.0528048;0.119921;0.150652;0.0528048;0;0;0;0.15049;0.15049;0
567;0.0528048;0.119921;0.150652;0.0528048;0;0;0;0.15049;0.15049;0
568;0.0528048;0.119921;0.150652;0.0528048;0;0;0;0.15049;0.15049;0
569;0.0528048;0.119921;0.150652;0.0528048;0;0;0;0.15049;0.15049;0
570;0.0528048;0.119921;0.150652;0.0528048;0;0;0;0.15049;0.15049;0
571;0.0528048;0.119921;0.150652;0.0528048;0;0;0;0.15049;0.15049;0
572;0.0528048;0.119921;0.150652;0.0528048;0;0;0;0.15049;0.15049;0
573;0.0528048;0.119921;0.150652;0.0528048;0;0;0;0.15049;0.15049;0
574;0.0528048;0.119921;0.150652;0.0528048;0;0;0;0.15049;0.15049;0
575;0.0528048;0.119921;0.150652;0.0528048;0;0;0;0.15049;0.15049;0
576;0.0528048;0.119921;0.150652;0.0528048;0;0;0;0.15049;0.15049;0
577;0.0528048;0.119921;0.150652;0.0528048;0;0;0;0.15049;0.15049;0
578;0.0528048;0.119921;0.150652;0.0528048;0;0;0;0.15049;0.15049;0
579;0.0528048;0.119921;0.150652;0.0528048;0;0;0;0.15049;0.15049;0
580;0.0528048;0.119921;0.150652;0.0528048;0;0;0;0.15049;0.15049;0
581;0.0528048;0.119921;0.150652;0.0528048;0;0;0;0.15049;0.15049;0
582;0.0528048;0.119921;0.150652;0.0528048;0;0;0;0.15049;0.15049;0
583;0.0528048;0.119921;0.150652;0.0528048;0;0;0;0.15049;0.15049;0
584;0.0528048;0.119921;0.150652;0.0528048;0;0;0;0.15049;0.15049;0
585;0.0528048;0.119921;0.150652;0.0528048;0;0;0;0.15049;0.15049;0
586;0.0528048;0.119921;0.150652;0.0528048;0;0;0;0.15049;0.15049;0
587;0.0528048;0.119921;0.150652;0.0528048;0;0;0;0.15049;0.15049;0
588;0.0528048;0.119921;0.150652;0.0528048;0;0;0;0.15049;0.15049;0
589;0.0528048;0.119921;0.150652;0.0528048;0;0;0;0.15049;0.15049;0
590;0.0528048;0.119921;0.150652;0.0528048;0;0;0;0.15049;0.15049;0
591;0.0528048;0.119921;0.150652;0.0528048;0;0;0;0.15049;0.15049;0
592;0.0528048;0.119921;0.150652;0.0528048;0;0;0;0.15049;0.15049;0
593;0.0528048;0.119921;0.150652;0.0528048;0;0;0;0.15049;0.15049;0
594;0.0528048;0.119921;0.150652;0.0528048;0;0;0;0.15049;0.15049;0
595;0.0528048;0.119921;0.150652;0.0528048;0;0;0;0.15049;0.15049;0
596;0.0528048;0.119921;0.150652;0.0528048;0;0;0;0.15049;0.15049;0
597;0.0528048;0.119921;0.150652;0.0528048;0;0;0;0.15049;0.15049;0
598;0.0528048;0.119921;0.150652;0.0528048;0;0;0;0.15049;0.15049;0
599;0.0528048;0.119921;0.150652;0.0528048;0;0;0;0.15049;0.15049;0
600;0.0528048;0.119921;0.150652;0.0528048;0;0;0;0.15049;0.15049;0
